t,e
49500,0.01446874
49501,0.01448865
49502,0.014622541
49503,0.014784602
49504,0.014936863
49505,0.01513312
49506,0.015437652
49507,0.015653221
49508,0.015996518
49509,0.016355947
49510,0.01672217
49511,0.017144216
49512,0.01759902
49513,0.018073552
49514,0.018606146
49515,0.019091968
49516,0.019744793
49517,0.020280593
49518,0.020906644
49519,0.021594791
49520,0.022231428
49521,0.022921347
49522,0.02364143
49523,0.024362264
49524,0.02509075
49525,0.025825088
49526,0.026609645
49527,0.027367517
49528,0.028096074
49529,0.028941111
49530,0.029675734
49531,0.030447165
49532,0.031251399
49533,0.031998757
49534,0.032772704
49535,0.033506284
49536,0.034280442
49537,0.034991085
49538,0.035704031
49539,0.036393856
49540,0.037114473
49541,0.037705816
49542,0.038370489
49543,0.039003372
49544,0.039524238
49545,0.040116595
49546,0.04062331
49547,0.04110554
49548,0.041557845
49549,0.041949493
49550,0.042373753
49551,0.042682311
49552,0.042967006
49553,0.04332656
49554,0.043464869
49555,0.043711447
49556,0.043859756
49557,0.043953923
49558,0.044022151
49559,0.044032274
49560,0.044020778
49561,0.04394924
49562,0.043798131
49563,0.043708723
49564,0.043466077
49565,0.043224349
49566,0.04298242
49567,0.042634203
49568,0.042301469
49569,0.041887869
49570,0.041500878
49571,0.041021985
49572,0.040523721
49573,0.040042688
49574,0.039488848
49575,0.038906356
49576,0.03833818
49577,0.037752858
49578,0.037070698
49579,0.036484398
49580,0.035805409
49581,0.035146331
49582,0.034463294
49583,0.033778815
49584,0.033112984
49585,0.032383482
49586,0.03169935
49587,0.031046458
49588,0.030296334
49589,0.029641038
49590,0.028993677
49591,0.028276834
49592,0.027676237
49593,0.027014479
49594,0.026435016
49595,0.025829274
49596,0.025257619
49597,0.024763172
49598,0.024221865
49599,0.023716532
49600,0.023358788
49601,0.0228556
49602,0.022511249
49603,0.02217895
49604,0.021852222
49605,0.021569323
49606,0.021337302
49607,0.021117531
49608,0.020937472
49609,0.020765336
49610,0.020661958
49611,0.020573584
49612,0.020452919
49613,0.020480899
49614,0.020431683
49615,0.020426628
49616,0.020506383
49617,0.020545352
49618,0.02063033
49619,0.020746988
49620,0.020882607
49621,0.021036482
49622,0.021203123
49623,0.021404815
49624,0.02166275
49625,0.021831837
49626,0.022170481
49627,0.022429327
49628,0.022723719
49629,0.023067921
49630,0.023426449
49631,0.023762017
49632,0.024156478
49633,0.024551528
49634,0.024964117
49635,0.025362891
49636,0.025814829
49637,0.026268647
49638,0.02669591
49639,0.027167174
49640,0.027672972
49641,0.028105345
49642,0.02860579
49643,0.02910648
49644,0.029552647
49645,0.030062754
49646,0.030479883
49647,0.031012468
49648,0.031394648
49649,0.031836489
49650,0.032328642
49651,0.032669578
49652,0.033087749
49653,0.0335068
49654,0.033825187
49655,0.034194616
49656,0.034502404
49657,0.034802555
49658,0.035089445
49659,0.035276481
49660,0.035565667
49661,0.035704527
49662,0.035835066
49663,0.036013399
49664,0.036059473
49665,0.036125416
49666,0.036138172
49667,0.036150985
49668,0.036064589
49669,0.035992721
49670,0.035852339
49671,0.03571326
49672,0.035463818
49673,0.035241191
49674,0.034980458
49675,0.034616737
49676,0.03427377
49677,0.033912222
49678,0.033438579
49679,0.033012218
49680,0.032506675
49681,0.032019851
49682,0.031448871
49683,0.030867993
49684,0.030338667
49685,0.029627266
49686,0.029035438
49687,0.028361125
49688,0.027652048
49689,0.026960106
49690,0.026219343
49691,0.025494593
49692,0.024736141
49693,0.023915991
49694,0.023198888
49695,0.022351304
49696,0.021523211
49697,0.020774148
49698,0.019886398
49699,0.019093245
49700,0.018262412
49701,0.017446509
49702,0.01663205
49703,0.015779022
49704,0.015014947
49705,0.014190715
49706,0.013369118
49707,0.012603175
49708,0.011839386
49709,0.011016288
49710,0.010323665
49711,0.009556958
49712,0.00884684
49713,0.008138141
49714,0.007466794
49715,0.006806055
49716,0.006147628
49717,0.005525459
49718,0.004968411
49719,0.004338567
49720,0.003840661
49721,0.003357617
49722,0.002862972
49723,0.002496263
49724,0.002197085
49725,0.00192683
49726,0.001871444
49727,0.001886969
49728,0.001999826
49729,0.002240424
49730,0.002520212
49731,0.002798229
49732,0.003156037
49733,0.003475385
49734,0.003827786
49735,0.004173919
49736,0.004489625
49737,0.004893154
49738,0.005154598
49739,0.005522
49740,0.005875638
49741,0.006133958
49742,0.006485291
49743,0.006788053
49744,0.007068381
49745,0.007357903
49746,0.007633818
49747,0.007900754
49748,0.00815179
49749,0.008359932
49750,0.008664034
49751,0.00881374
49752,0.009038729
49753,0.0092598
49754,0.009423729
49755,0.009580842
49756,0.009758279
49757,0.009898105
49758,0.010014708
49759,0.010110335
49760,0.010228837
49761,0.010284047
49762,0.010302504
49763,0.01038755
49764,0.010369083
49765,0.010354482
49766,0.010339626
49767,0.010294668
49768,0.010212641
49769,0.010132623
49770,0.01000326
49771,0.009932837
49772,0.00970619
49773,0.00959657
49774,0.00944069
49775,0.009180603
49776,0.009038268
49777,0.008792925
49778,0.008580704
49779,0.008342501
49780,0.008094194
49781,0.007920006
49782,0.007641604
49783,0.007446892
49784,0.00730168
49785,0.007114187
49786,0.007001217
49787,0.006947213
49788,0.006927803
49789,0.006969562
49790,0.007026136
49791,0.007238097
49792,0.007429018
49793,0.007668746
49794,0.008050202
49795,0.008372867
49796,0.008838099
49797,0.009250719
49798,0.009765237
49799,0.010301166
49800,0.010783135
49801,0.011367637
49802,0.011964984
49803,0.012488681
49804,0.013116739
49805,0.013700758
49806,0.014323066
49807,0.014918525
49808,0.015511617
49809,0.016185882
49810,0.016700782
49811,0.017342943
49812,0.017914516
49813,0.018456118
49814,0.01901672
49815,0.019529347
49816,0.020064534
49817,0.020557452
49818,0.021002529
49819,0.021528917
49820,0.021933309
49821,0.022333679
49822,0.02280164
49823,0.023125315
49824,0.023515772
49825,0.023855855
49826,0.02418108
49827,0.024514949
49828,0.024758582
49829,0.025095135
49830,0.025331895
49831,0.025561064
49832,0.025805148
49833,0.026040407
49834,0.026176756
49835,0.026405792
49836,0.026562979
49837,0.026703872
49838,0.026847912
49839,0.026981895
49840,0.027109996
49841,0.027198583
49842,0.027297675
49843,0.027434457
49844,0.02747056
49845,0.027572179
49846,0.027676684
49847,0.027700517
49848,0.027800805
49849,0.02782404
49850,0.027917099
49851,0.027912803
49852,0.027949986
49853,0.028022891
49854,0.027996429
49855,0.027997563
49856,0.028067904
49857,0.027992777
49858,0.028011176
49859,0.027982979
49860,0.027933117
49861,0.027903938
49862,0.027785674
49863,0.027777478
49864,0.027643528
49865,0.027521539
49866,0.027457776
49867,0.027290933
49868,0.027138773
49869,0.027000193
49870,0.026818511
49871,0.026604181
49872,0.026418273
49873,0.026165996
49874,0.025963416
49875,0.025651476
49876,0.025416821
49877,0.025140073
49878,0.024802125
49879,0.024512624
49880,0.024222716
49881,0.023827789
49882,0.023536765
49883,0.023182263
49884,0.022830735
49885,0.022496527
49886,0.022160432
49887,0.021864605
49888,0.021533601
49889,0.021261959
49890,0.02104533
49891,0.020782091
49892,0.020608949
49893,0.020508332
49894,0.020356616
49895,0.020351686
49896,0.02034249
49897,0.020415331
49898,0.020515174
49899,0.020704924
49900,0.020941266
49901,0.021220677
49902,0.021550136
49903,0.021999156
49904,0.022420212
49905,0.022894918
49906,0.023513079
49907,0.024035654
49908,0.024678326
49909,0.025332599
49910,0.026007373
49911,0.026700127
49912,0.027403625
49913,0.028162602
49914,0.0288904
49915,0.029608595
49916,0.03041342
49917,0.031139493
49918,0.031856812
49919,0.032660031
49920,0.033335612
49921,0.034083711
49922,0.034760906
49923,0.035462222
49924,0.036126137
49925,0.036737254
49926,0.037374767
49927,0.037994268
49928,0.038492914
49929,0.03909628
49930,0.039595897
49931,0.040058235
49932,0.040528434
49933,0.040972571
49934,0.041340279
49935,0.041726571
49936,0.042056237
49937,0.042383881
49938,0.042659436
49939,0.042881631
49940,0.043187897
49941,0.043304596
49942,0.043502296
49943,0.043679436
49944,0.043746514
49945,0.043876529
49946,0.043937919
49947,0.04399613
49948,0.04403043
49949,0.044024251
49950,0.044058733
49951,0.044025466
49952,0.043957135
49953,0.043993587
49954,0.043877745
49955,0.043838624
49956,0.043780164
49957,0.043698701
49958,0.043631445
49959,0.043507767
49960,0.043473737
49961,0.043334825
49962,0.043225247
49963,0.043153265
49964,0.043021208
49965,0.042879238
49966,0.042793626
49967,0.042634355
49968,0.042500705
49969,0.042340718
49970,0.042208124
49971,0.042026386
49972,0.041861159
49973,0.041670153
49974,0.041540819
49975,0.041277401
49976,0.041122427
49977,0.040940905
49978,0.040661595
49979,0.040485783
49980,0.040230822
49981,0.039972431
49982,0.039708294
49983,0.039410104
49984,0.039140357
49985,0.038795372
49986,0.038440218
49987,0.038165922
49988,0.037723811
49989,0.037353662
49990,0.037007962
49991,0.036520742
49992,0.0361393
49993,0.035666268
49994,0.035230061
49995,0.034739198
49996,0.034252535
49997,0.033785969
49998,0.033283979
49999,0.032760626
50000,0.032314136
50001,0.031802567
50002,0.031299585
50003,0.03086898
50004,0.030392389
50005,0.029954594
50006,0.029534455
50007,0.029155723
50008,0.028787018
50009,0.028429792
50010,0.028152021
50011,0.02789975
50012,0.02761612
50013,0.027507736
50014,0.027333852
50015,0.027248176
50016,0.027219157
50017,0.027239251
50018,0.027274771
50019,0.027397082
50020,0.027531756
50021,0.027748958
50022,0.027940055
50023,0.028234188
50024,0.028561535
50025,0.028842812
50026,0.0292549
50027,0.029643176
50028,0.030033309
50029,0.030473596
50030,0.03092588
50031,0.031356137
50032,0.031813548
50033,0.032261779
50034,0.032740333
50035,0.033170856
50036,0.033587199
50037,0.034112487
50038,0.034443343
50039,0.034890172
50040,0.035309806
50041,0.035643514
50042,0.036008478
50043,0.036351196
50044,0.03663468
50045,0.036945392
50046,0.037151472
50047,0.037440121
50048,0.037612785
50049,0.037759149
50050,0.037961552
50051,0.038038889
50052,0.038116453
50053,0.038206672
50054,0.038226708
50055,0.038230513
50056,0.038218299
50057,0.038183218
50058,0.038144343
50059,0.038010645
50060,0.037970877
50061,0.037835203
50062,0.037691472
50063,0.037560897
50064,0.03742874
50065,0.03722669
50066,0.037073593
50067,0.036902141
50068,0.036693557
50069,0.036506027
50070,0.036279381
50071,0.036105986
50072,0.035827616
50073,0.035618776
50074,0.035411604
50075,0.03511464
50076,0.03490632
50077,0.034648465
50078,0.034392942
50079,0.034133308
50080,0.033862395
50081,0.033610062
50082,0.033326613
50083,0.033002861
50084,0.032813368
50085,0.03243184
50086,0.032171783
50087,0.031912087
50088,0.031569972
50089,0.031286103
50090,0.030978603
50091,0.030645559
50092,0.030328336
50093,0.029935551
50094,0.029624605
50095,0.029218334
50096,0.028793926
50097,0.028435259
50098,0.027967118
50099,0.027507891
50100,0.027055832
50101,0.026568863
50102,0.026024057
50103,0.02552465
50104,0.024948655
50105,0.024409033
50106,0.023773999
50107,0.023188091
50108,0.022587192
50109,0.021875449
50110,0.021258189
50111,0.020582282
50112,0.019858831
50113,0.019173521
50114,0.018472427
50115,0.017739254
50116,0.017018571
50117,0.016284869
50118,0.015596364
50119,0.014830451
50120,0.014128601
50121,0.013477042
50122,0.012721271
50123,0.012119281
50124,0.011476327
50125,0.010894418
50126,0.010338539
50127,0.009864762
50128,0.009436295
50129,0.00908375
50130,0.008789009
50131,0.008640568
50132,0.008503517
50133,0.00849983
50134,0.008606141
50135,0.008743301
50136,0.008944575
50137,0.009321347
50138,0.009584235
50139,0.010008407
50140,0.010426577
50141,0.010853896
50142,0.011301823
50143,0.011760696
50144,0.012228878
50145,0.012672004
50146,0.013099419
50147,0.013575387
50148,0.013970131
50149,0.014346828
50150,0.014791492
50151,0.015104406
50152,0.015451246
50153,0.01577835
50154,0.016054623
50155,0.016322544
50156,0.01653424
50157,0.016765174
50158,0.016933967
50159,0.017058631
50160,0.017184383
50161,0.017319093
50162,0.017288776
50163,0.017396584
50164,0.017390411
50165,0.01734244
50166,0.017338533
50167,0.017257412
50168,0.017188925
50169,0.017074976
50170,0.016937815
50171,0.01684694
50172,0.016631778
50173,0.016476879
50174,0.016340246
50175,0.016085
50176,0.015926241
50177,0.015705714
50178,0.015494924
50179,0.01524543
50180,0.01501289
50181,0.014762842
50182,0.014495474
50183,0.014190824
50184,0.013973793
50185,0.013636294
50186,0.013351695
50187,0.013091588
50188,0.012772933
50189,0.012470767
50190,0.012165427
50191,0.011871284
50192,0.011531368
50193,0.01120201
50194,0.010889097
50195,0.010545073
50196,0.010163326
50197,0.009859153
50198,0.009478193
50199,0.009072553
50200,0.00874716
50201,0.008296332
50202,0.00792344
50203,0.007463102
50204,0.007039013
50205,0.006587923
50206,0.006072644
50207,0.005593918
50208,0.005112366
50209,0.00450048
50210,0.004006392
50211,0.003422315
50212,0.002795429
50213,0.002213858
50214,0.001586923
50215,0.000968698
50216,0.000538848
50217,0.000725021
50218,0.001313531
50219,0.002048102
50220,0.002786647
50221,0.003483714
50222,0.004322453
50223,0.005069583
50224,0.005877007
50225,0.00667107
50226,0.007509896
50227,0.008328555
50228,0.009142079
50229,0.009995487
50230,0.010849862
50231,0.011664667
50232,0.012511396
50233,0.013383906
50234,0.014165389
50235,0.015011715
50236,0.015827072
50237,0.016635298
50238,0.017419463
50239,0.018181054
50240,0.019021047
50241,0.019708908
50242,0.020475466
50243,0.021235755
50244,0.021901635
50245,0.022594887
50246,0.023291936
50247,0.023891852
50248,0.024547292
50249,0.025090754
50250,0.025705916
50251,0.026230884
50252,0.026696858
50253,0.027254541
50254,0.027652734
50255,0.028060917
50256,0.028470848
50257,0.028792962
50258,0.029108034
50259,0.029378162
50260,0.02961879
50261,0.029858228
50262,0.029967757
50263,0.03017725
50264,0.030268458
50265,0.030334705
50266,0.030399227
50267,0.030453259
50268,0.030413956
50269,0.030402752
50270,0.030368166
50271,0.030272894
50272,0.030173674
50273,0.030036323
50274,0.029926523
50275,0.029708803
50276,0.029535983
50277,0.02936615
50278,0.0291026
50279,0.028899457
50280,0.028653915
50281,0.028397002
50282,0.028126245
50283,0.027844965
50284,0.027575793
50285,0.027282934
50286,0.026933597
50287,0.026733928
50288,0.026350469
50289,0.026069221
50290,0.025806053
50291,0.025458954
50292,0.025185556
50293,0.024869667
50294,0.024574217
50295,0.024284776
50296,0.023943017
50297,0.023700619
50298,0.023381755
50299,0.023058133
50300,0.022835944
50301,0.022513639
50302,0.022235238
50303,0.021982655
50304,0.021722519
50305,0.021435673
50306,0.021226016
50307,0.020954304
50308,0.020764684
50309,0.020505538
50310,0.020319039
50311,0.020148818
50312,0.019911131
50313,0.019777246
50314,0.019642508
50315,0.019452798
50316,0.019369515
50317,0.019291271
50318,0.019181229
50319,0.019180995
50320,0.019152268
50321,0.019213634
50322,0.019257918
50323,0.019376169
50324,0.019579726
50325,0.019732985
50326,0.020021222
50327,0.020350744
50328,0.020694101
50329,0.02110127
50330,0.021616058
50331,0.022084788
50332,0.022679115
50333,0.023272595
50334,0.023936697
50335,0.024604051
50336,0.025319866
50337,0.026100187
50338,0.02686747
50339,0.027633132
50340,0.028543425
50341,0.029310385
50342,0.030190821
50343,0.03105804
50344,0.031907859
50345,0.032781406
50346,0.033623321
50347,0.034518205
50348,0.03535931
50349,0.036184274
50350,0.03708803
50351,0.037893525
50352,0.038692171
50353,0.039564016
50354,0.040301015
50355,0.041097283
50356,0.04183247
50357,0.042554052
50358,0.043266439
50359,0.043884849
50360,0.04456105
50361,0.045148466
50362,0.045686015
50363,0.04621413
50364,0.046731173
50365,0.047104137
50366,0.047537969
50367,0.047903257
50368,0.048177731
50369,0.048472847
50370,0.04867538
50371,0.048892919
50372,0.048997633
50373,0.049091104
50374,0.049195441
50375,0.049163432
50376,0.049136245
50377,0.049131626
50378,0.048963542
50379,0.048877377
50380,0.048664869
50381,0.048482844
50382,0.048207525
50383,0.047900773
50384,0.047621004
50385,0.047232696
50386,0.046826775
50387,0.046473662
50388,0.045986341
50389,0.045533472
50390,0.045049283
50391,0.044537789
50392,0.044026258
50393,0.043417047
50394,0.042918233
50395,0.042294923
50396,0.041672983
50397,0.041104661
50398,0.040459501
50399,0.039806977
50400,0.039183329
50401,0.038536518
50402,0.037849141
50403,0.037207305
50404,0.036512274
50405,0.035869559
50406,0.035149289
50407,0.034487897
50408,0.033842762
50409,0.033121119
50410,0.032475873
50411,0.031845824
50412,0.031145125
50413,0.03052068
50414,0.029894474
50415,0.029232809
50416,0.028644841
50417,0.027990406
50418,0.027452742
50419,0.026826177
50420,0.026253214
50421,0.025756432
50422,0.025167799
50423,0.024642421
50424,0.024207124
50425,0.023649728
50426,0.023243466
50427,0.022793202
50428,0.022412216
50429,0.022029495
50430,0.021704439
50431,0.021428583
50432,0.021178223
50433,0.020964239
50434,0.020859402
50435,0.020770579
50436,0.020714357
50437,0.020826375
50438,0.020905303
50439,0.021080395
50440,0.021358443
50441,0.0216638
50442,0.022037697
50443,0.02246887
50444,0.022971048
50445,0.023518329
50446,0.02407529
50447,0.024734832
50448,0.025419093
50449,0.026054846
50450,0.026867184
50451,0.027575454
50452,0.028365371
50453,0.029144473
50454,0.029961101
50455,0.030753774
50456,0.031551533
50457,0.032376707
50458,0.033196445
50459,0.033966663
50460,0.034793572
50461,0.035600463
50462,0.03636259
50463,0.037146539
50464,0.037929574
50465,0.03864264
50466,0.039380081
50467,0.040076712
50468,0.040744139
50469,0.041387857
50470,0.041935992
50471,0.042598298
50472,0.043026175
50473,0.0435291
50474,0.04402268
50475,0.044348827
50476,0.044735388
50477,0.045046269
50478,0.045292269
50479,0.045540924
50480,0.045675401
50481,0.045846626
50482,0.045934266
50483,0.045929766
50484,0.046007283
50485,0.045909543
50486,0.0458207
50487,0.045719581
50488,0.04551743
50489,0.045318608
50490,0.045013782
50491,0.044760059
50492,0.044368353
50493,0.043964926
50494,0.043534703
50495,0.043070246
50496,0.042505671
50497,0.041978435
50498,0.04139316
50499,0.04075788
50500,0.040106729
50501,0.039438802
50502,0.038731306
50503,0.037983739
50504,0.037226899
50505,0.036487663
50506,0.035639267
50507,0.034832286
50508,0.034041256
50509,0.033108196
50510,0.032290723
50511,0.031360614
50512,0.030474057
50513,0.029536755
50514,0.028571888
50515,0.027668172
50516,0.026682773
50517,0.025682454
50518,0.024784709
50519,0.023760227
50520,0.022777837
50521,0.02185198
50522,0.02083488
50523,0.019893253
50524,0.018888351
50525,0.017955847
50526,0.016989189
50527,0.015973263
50528,0.015079527
50529,0.014078913
50530,0.013109713
50531,0.012169523
50532,0.011214659
50533,0.010233257
50534,0.009302514
50535,0.008339523
50536,0.007427468
50537,0.006436101
50538,0.005542057
50539,0.004616119
50540,0.00365155
50541,0.002755484
50542,0.001864736
50543,0.000945147
50544,0.000421036
50545,0.001020592
50546,0.001857297
50547,0.00274865
50548,0.003641644
50549,0.004459244
50550,0.005402591
50551,0.006249382
50552,0.007092827
50553,0.007980966
50554,0.008847033
50555,0.00964789
50556,0.01051681
50557,0.01130559
50558,0.012136774
50559,0.012904897
50560,0.013658114
50561,0.014482575
50562,0.015134507
50563,0.015890613
50564,0.016596331
50565,0.01722029
50566,0.017905021
50567,0.018499244
50568,0.019118422
50569,0.019669353
50570,0.020213663
50571,0.020790488
50572,0.02125343
50573,0.021713884
50574,0.022247773
50575,0.02260294
50576,0.023040292
50577,0.023384578
50578,0.023741262
50579,0.024046763
50580,0.024279378
50581,0.024584359
50582,0.024741212
50583,0.024905076
50584,0.025068483
50585,0.025131142
50586,0.025189046
50587,0.025230896
50588,0.025203315
50589,0.02518982
50590,0.025075497
50591,0.025027121
50592,0.024888175
50593,0.024715272
50594,0.02454217
50595,0.024384979
50596,0.024106611
50597,0.023886415
50598,0.023648739
50599,0.023330971
50600,0.023056614
50601,0.022712531
50602,0.022426947
50603,0.022048431
50604,0.021696666
50605,0.021388374
50606,0.02099435
50607,0.020676911
50608,0.020339855
50609,0.020045252
50610,0.019728779
50611,0.019451999
50612,0.019231842
50613,0.01899055
50614,0.018771192
50615,0.018648092
50616,0.018509436
50617,0.018397741
50618,0.018382779
50619,0.018338699
50620,0.018399001
50621,0.018403759
50622,0.01853469
50623,0.018685813
50624,0.018794107
50625,0.019016279
50626,0.019278338
50627,0.019496557
50628,0.019817181
50629,0.020122518
50630,0.020506824
50631,0.020845283
50632,0.021227774
50633,0.021697388
50634,0.022017852
50635,0.022495117
50636,0.022884506
50637,0.023306595
50638,0.023734081
50639,0.024110317
50640,0.024577445
50641,0.024973524
50642,0.025348891
50643,0.02583431
50644,0.026189537
50645,0.026579649
50646,0.027023826
50647,0.027360425
50648,0.027767873
50649,0.02809658
50650,0.028476379
50651,0.028836858
50652,0.029091842
50653,0.029488294
50654,0.029741648
50655,0.030015593
50656,0.03027712
50657,0.030526749
50658,0.030731946
50659,0.030922942
50660,0.031106859
50661,0.03128192
50662,0.031379789
50663,0.031526789
50664,0.03163133
50665,0.031662883
50666,0.031735698
50667,0.031756001
50668,0.031737955
50669,0.031692723
50670,0.031640622
50671,0.031546945
50672,0.03141371
50673,0.031207984
50674,0.031103048
50675,0.030810019
50676,0.030554816
50677,0.030298851
50678,0.029943549
50679,0.029588747
50680,0.029208478
50681,0.028768271
50682,0.028320208
50683,0.027804998
50684,0.027295548
50685,0.02673576
50686,0.026066434
50687,0.025498028
50688,0.02477775
50689,0.024039251
50690,0.023315874
50691,0.022480137
50692,0.021680522
50693,0.020742447
50694,0.019860139
50695,0.018910136
50696,0.017868565
50697,0.01686711
50698,0.015812578
50699,0.01467208
50700,0.01358428
50701,0.012402542
50702,0.011228701
50703,0.010001243
50704,0.008745013
50705,0.007528375
50706,0.006154611
50707,0.004881158
50708,0.003559341
50709,0.002168829
50710,0.000811627
50711,0.000548798
50712,0.001969253
50713,0.003359976
50714,0.004812989
50715,0.006187868
50716,0.007658192
50717,0.009098094
50718,0.010507048
50719,0.011953747
50720,0.013405937
50721,0.014793267
50722,0.016212141
50723,0.017646563
50724,0.0190004
50725,0.020403837
50726,0.021730917
50727,0.023122578
50728,0.024419949
50729,0.025709604
50730,0.027066018
50731,0.028260964
50732,0.02952045
50733,0.030742989
50734,0.031908201
50735,0.033050718
50736,0.034155934
50737,0.035256811
50738,0.036297264
50739,0.03726234
50740,0.038292913
50741,0.039188303
50742,0.040065027
50743,0.040963784
50744,0.041721442
50745,0.042544616
50746,0.043218605
50747,0.043935157
50748,0.044582203
50749,0.045131062
50750,0.045734384
50751,0.046249552
50752,0.046648115
50753,0.047152666
50754,0.047503995
50755,0.047845134
50756,0.048140568
50757,0.048416245
50758,0.048643505
50759,0.048807031
50760,0.048962098
50761,0.049098097
50762,0.049154497
50763,0.049170056
50764,0.04922613
50765,0.049136176
50766,0.049085784
50767,0.04897904
50768,0.048818392
50769,0.048631907
50770,0.048404687
50771,0.048183686
50772,0.047849409
50773,0.047520901
50774,0.047198846
50775,0.046786411
50776,0.046326631
50777,0.045899858
50778,0.045382999
50779,0.044869163
50780,0.044282739
50781,0.043719017
50782,0.043120782
50783,0.042398919
50784,0.041816235
50785,0.041049734
50786,0.040310703
50787,0.039589022
50788,0.038764245
50789,0.037943611
50790,0.037102139
50791,0.036197734
50792,0.035334507
50793,0.034316167
50794,0.033386718
50795,0.032391094
50796,0.031320851
50797,0.03027582
50798,0.029211802
50799,0.028065482
50800,0.026929399
50801,0.025773017
50802,0.024563273
50803,0.023347644
50804,0.022087904
50805,0.020862621
50806,0.019529351
50807,0.018244876
50808,0.016963142
50809,0.015615519
50810,0.014288038
50811,0.013019961
50812,0.011701417
50813,0.010437989
50814,0.009253785
50815,0.008118709
50816,0.007182391
50817,0.006381737
50818,0.006000187
50819,0.005913495
50820,0.006285664
50821,0.006988769
50822,0.007939724
50823,0.009023928
50824,0.010320875
50825,0.01158824
50826,0.012927539
50827,0.01435987
50828,0.01573344
50829,0.017116037
50830,0.018583328
50831,0.019934368
50832,0.021355622
50833,0.02272696
50834,0.024107884
50835,0.025456738
50836,0.026737102
50837,0.028108373
50838,0.029342346
50839,0.03056786
50840,0.031817091
50841,0.032973641
50842,0.034099848
50843,0.035206196
50844,0.036236376
50845,0.037291651
50846,0.0381848
50847,0.039153019
50848,0.040016913
50849,0.040804519
50850,0.041623993
50851,0.042336286
50852,0.04300816
50853,0.043637093
50854,0.044227697
50855,0.044729553
50856,0.045183953
50857,0.045603633
50858,0.045990701
50859,0.046249259
50860,0.046494339
50861,0.046753758
50862,0.046827187
50863,0.046947323
50864,0.046976045
50865,0.046966703
50866,0.046889323
50867,0.046770494
50868,0.046605119
50869,0.046404962
50870,0.046114247
50871,0.045872344
50872,0.045504594
50873,0.045107486
50874,0.0447488
50875,0.044253876
50876,0.043755841
50877,0.043214219
50878,0.042651032
50879,0.042036244
50880,0.041339476
50881,0.04067487
50882,0.039973565
50883,0.039135303
50884,0.038421831
50885,0.037555277
50886,0.036733479
50887,0.035859402
50888,0.034971951
50889,0.034096741
50890,0.033125277
50891,0.032219891
50892,0.031272649
50893,0.030246175
50894,0.029295074
50895,0.028297985
50896,0.027245287
50897,0.026241816
50898,0.025178912
50899,0.024154168
50900,0.023072892
50901,0.021966796
50902,0.02096462
50903,0.019800893
50904,0.018732833
50905,0.017654548
50906,0.016552007
50907,0.015450871
50908,0.014402908
50909,0.013351583
50910,0.012298955
50911,0.011298301
50912,0.0103366
50913,0.009410762
50914,0.008518351
50915,0.007775387
50916,0.00709396
50917,0.006596414
50918,0.006240084
50919,0.006176595
50920,0.00631089
50921,0.006625646
50922,0.007195797
50923,0.007870915
50924,0.00867941
50925,0.009516422
50926,0.010461088
50927,0.011441332
50928,0.012396422
50929,0.013393872
50930,0.014437899
50931,0.015396374
50932,0.01641186
50933,0.017384744
50934,0.01837509
50935,0.019328764
50936,0.020218203
50937,0.021223799
50938,0.022071149
50939,0.022933412
50940,0.023831933
50941,0.024626242
50942,0.025438174
50943,0.026194024
50944,0.026958813
50945,0.02764487
50946,0.028326794
50947,0.028934868
50948,0.029565309
50949,0.030076453
50950,0.030593175
50951,0.031087078
50952,0.031451199
50953,0.031842739
50954,0.032176415
50955,0.032429021
50956,0.032639849
50957,0.032818209
50958,0.032977698
50959,0.0330238
50960,0.03304423
50961,0.033121346
50962,0.032979597
50963,0.032924939
50964,0.032747753
50965,0.032554713
50966,0.032314172
50967,0.03197184
50968,0.031664588
50969,0.031253223
50970,0.030768718
50971,0.030349264
50972,0.029761424
50973,0.029181929
50974,0.028619758
50975,0.02791348
50976,0.027271465
50977,0.026507451
50978,0.025798561
50979,0.025044852
50980,0.024179661
50981,0.023436933
50982,0.022586104
50983,0.021718266
50984,0.020867916
50985,0.020003232
50986,0.01913412
50987,0.018236795
50988,0.01737293
50989,0.016548033
50990,0.015657624
50991,0.014872875
50992,0.014124966
50993,0.013355302
50994,0.012768986
50995,0.012139783
50996,0.011734251
50997,0.011343328
50998,0.011091981
50999,0.011051807
51000,0.011035272
51001,0.011212365
51002,0.011497833
51003,0.011900134
51004,0.012402698
51005,0.012958002
51006,0.013650801
51007,0.014381914
51008,0.015078318
51009,0.015962705
51010,0.016759252
51011,0.017636656
51012,0.01850587
51013,0.019399924
51014,0.020350975
51015,0.021186301
51016,0.022141775
51017,0.023057602
51018,0.023901215
51019,0.024808708
51020,0.025675693
51021,0.026512002
51022,0.027358469
51023,0.028155051
51024,0.028992722
51025,0.029769927
51026,0.030508639
51027,0.031341675
51028,0.032019076
51029,0.032763912
51030,0.033479079
51031,0.034149371
51032,0.034805555
51033,0.035442662
51034,0.036091368
51035,0.036650909
51036,0.037227765
51037,0.03778109
51038,0.038304752
51039,0.038734986
51040,0.039225952
51041,0.039634358
51042,0.039991856
51043,0.040340549
51044,0.0406607
51045,0.04091941
51046,0.041165299
51047,0.041337984
51048,0.041564469
51049,0.041620419
51050,0.04176259
51051,0.041834817
51052,0.041794367
51053,0.041834697
51054,0.041726386
51055,0.041641744
51056,0.041460419
51057,0.041240374
51058,0.04105889
51059,0.040696443
51060,0.040346579
51061,0.040032859
51062,0.039515649
51063,0.039064401
51064,0.038534702
51065,0.037919797
51066,0.037326348
51067,0.03658583
51068,0.035908353
51069,0.035080601
51070,0.034245107
51071,0.033400768
51072,0.032440536
51073,0.031477515
51074,0.030468107
51075,0.029434606
51076,0.028295249
51077,0.027178244
51078,0.026006
51079,0.024798619
51080,0.023515323
51081,0.022273139
51082,0.020965125
51083,0.019608182
51084,0.018272442
51085,0.016928281
51086,0.01549655
51087,0.014183364
51088,0.012781485
51089,0.011476184
51090,0.010177093
51091,0.008980448
51092,0.007941702
51093,0.007026753
51094,0.006480537
51095,0.006317026
51096,0.006508262
51097,0.007158981
51098,0.008074673
51099,0.009183316
51100,0.010451927
51101,0.011836504
51102,0.013209023
51103,0.014672962
51104,0.016191893
51105,0.017613331
51106,0.019147926
51107,0.020616206
51108,0.022105463
51109,0.023554351
51110,0.024981413
51111,0.026475239
51112,0.027809967
51113,0.029231575
51114,0.030614803
51115,0.031895521
51116,0.033222837
51117,0.03450444
51118,0.035690787
51119,0.036928904
51120,0.038024818
51121,0.039206705
51122,0.040239079
51123,0.041258935
51124,0.042322084
51125,0.043231664
51126,0.044138645
51127,0.045040773
51128,0.045844035
51129,0.046621463
51130,0.04736378
51131,0.048059656
51132,0.048724807
51133,0.049308136
51134,0.049920536
51135,0.05043979
51136,0.050922086
51137,0.05138442
51138,0.051844103
51139,0.052149254
51140,0.052549339
51141,0.052853979
51142,0.053104168
51143,0.053363012
51144,0.053536093
51145,0.053754217
51146,0.053819432
51147,0.053925484
51148,0.054019278
51149,0.053974118
51150,0.053992491
51151,0.05392768
51152,0.053823227
51153,0.053707444
51154,0.053519121
51155,0.053353624
51156,0.053091806
51157,0.052785706
51158,0.05258675
51159,0.052138049
51160,0.051816076
51161,0.051423558
51162,0.050964942
51163,0.05051594
51164,0.049996099
51165,0.049499716
51166,0.048919861
51167,0.048291562
51168,0.047708321
51169,0.047006792
51170,0.046289764
51171,0.045590977
51172,0.044793947
51173,0.043981298
51174,0.043147916
51175,0.042287361
51176,0.04134182
51177,0.04042679
51178,0.039418117
51179,0.038464603
51180,0.037362052
51181,0.036329456
51182,0.035270866
51183,0.034085391
51184,0.032992089
51185,0.031830883
51186,0.030628945
51187,0.029461957
51188,0.028254131
51189,0.027066677
51190,0.025860642
51191,0.024661168
51192,0.023543443
51193,0.022337048
51194,0.021256121
51195,0.020236638
51196,0.019177879
51197,0.018307042
51198,0.017467921
51199,0.016777156
51200,0.016171768
51201,0.015785473
51202,0.015501709
51203,0.015445691
51204,0.015520138
51205,0.015831044
51206,0.016247272
51207,0.016831912
51208,0.017612545
51209,0.018420559
51210,0.019336247
51211,0.020445378
51212,0.021455734
51213,0.022634525
51214,0.023797668
51215,0.025010407
51216,0.026212828
51217,0.027428174
51218,0.028683454
51219,0.02988127
51220,0.031086193
51221,0.032328136
51222,0.033474261
51223,0.034625926
51224,0.035791126
51225,0.036855881
51226,0.037934262
51227,0.038937932
51228,0.039950898
51229,0.04088422
51230,0.041762675
51231,0.042653379
51232,0.043470965
51233,0.044216992
51234,0.044951743
51235,0.045681874
51236,0.046234655
51237,0.046885783
51238,0.047402828
51239,0.047869059
51240,0.048342699
51241,0.048692909
51242,0.049081767
51243,0.049332334
51244,0.049575554
51245,0.049833803
51246,0.049917412
51247,0.05003848
51248,0.050149385
51249,0.050105095
51250,0.050140234
51251,0.05004596
51252,0.050002828
51253,0.049841445
51254,0.049671533
51255,0.049501954
51256,0.049225543
51257,0.048944151
51258,0.048674675
51259,0.048291358
51260,0.047931503
51261,0.047514088
51262,0.047101976
51263,0.046619567
51264,0.046086765
51265,0.045627397
51266,0.045021123
51267,0.044442426
51268,0.043862644
51269,0.043236104
51270,0.042567049
51271,0.041933113
51272,0.041255201
51273,0.040541599
51274,0.039850707
51275,0.039091246
51276,0.038390622
51277,0.037569081
51278,0.036810586
51279,0.036046523
51280,0.035162951
51281,0.034364257
51282,0.033531254
51283,0.032614818
51284,0.03175513
51285,0.030839088
51286,0.029914492
51287,0.028978364
51288,0.02796396
51289,0.02707066
51290,0.025997754
51291,0.025012385
51292,0.024032238
51293,0.02296168
51294,0.021933287
51295,0.020911415
51296,0.019830171
51297,0.01879178
51298,0.01768836
51299,0.016674506
51300,0.015557871
51301,0.014486631
51302,0.013453826
51303,0.012377974
51304,0.011336473
51305,0.010353993
51306,0.009400595
51307,0.008473471
51308,0.00772031
51309,0.007017579
51310,0.006522143
51311,0.006221669
51312,0.006158647
51313,0.006335434
51314,0.006719781
51315,0.007301623
51316,0.008008846
51317,0.008775626
51318,0.009682827
51319,0.010580937
51320,0.011487306
51321,0.012500897
51322,0.01343959
51323,0.014407881
51324,0.015386841
51325,0.016369507
51326,0.017272168
51327,0.018248984
51328,0.019134521
51329,0.020047961
51330,0.020874631
51331,0.021722529
51332,0.022552028
51333,0.023267782
51334,0.024018559
51335,0.024741822
51336,0.025336594
51337,0.025989963
51338,0.026535204
51339,0.027082293
51340,0.027557206
51341,0.027980421
51342,0.028465332
51343,0.02873574
51344,0.029109299
51345,0.029405468
51346,0.029594962
51347,0.029816939
51348,0.029970818
51349,0.030070252
51350,0.03015317
51351,0.03013507
51352,0.030166791
51353,0.030077963
51354,0.02993314
51355,0.029850433
51356,0.029600469
51357,0.029381444
51358,0.029128158
51359,0.028821995
51360,0.028488811
51361,0.028112006
51362,0.027758789
51363,0.027317726
51364,0.026877006
51365,0.026406548
51366,0.025952676
51367,0.025373883
51368,0.024885797
51369,0.024327245
51370,0.023731484
51371,0.023146841
51372,0.022536308
51373,0.021909436
51374,0.02124304
51375,0.020573924
51376,0.019939275
51377,0.019190487
51378,0.018531486
51379,0.017856367
51380,0.017113002
51381,0.0164745
51382,0.015731655
51383,0.015097231
51384,0.014379968
51385,0.013687079
51386,0.013068909
51387,0.012364415
51388,0.01169315
51389,0.011118196
51390,0.0104369
51391,0.009843222
51392,0.00926919
51393,0.008693804
51394,0.008187532
51395,0.007639805
51396,0.007253789
51397,0.006853434
51398,0.006500451
51399,0.006323241
51400,0.006142308
51401,0.006134205
51402,0.006138008
51403,0.006302028
51404,0.006556938
51405,0.006785113
51406,0.007184156
51407,0.007587565
51408,0.008006827
51409,0.008490667
51410,0.008989369
51411,0.009524995
51412,0.010072041
51413,0.010586933
51414,0.011248811
51415,0.011779739
51416,0.012391915
51417,0.013018611
51418,0.013606401
51419,0.014208388
51420,0.014793004
51421,0.0154061
51422,0.01597086
51423,0.016502888
51424,0.017109312
51425,0.017615741
51426,0.018102688
51427,0.018653739
51428,0.019073822
51429,0.019564528
51430,0.019952169
51431,0.020388345
51432,0.020789262
51433,0.021103713
51434,0.021492942
51435,0.021817926
51436,0.022080423
51437,0.022368229
51438,0.022626344
51439,0.022796958
51440,0.022993138
51441,0.023129993
51442,0.023246606
51443,0.023305324
51444,0.023319148
51445,0.023378685
51446,0.023268093
51447,0.023205268
51448,0.023104182
51449,0.022921631
51450,0.022704848
51451,0.022501485
51452,0.022200338
51453,0.021909749
51454,0.021539205
51455,0.021207624
51456,0.020782946
51457,0.020326357
51458,0.019908022
51459,0.019385268
51460,0.018854391
51461,0.018335295
51462,0.017748103
51463,0.017158587
51464,0.016525692
51465,0.015891445
51466,0.015264659
51467,0.014508769
51468,0.013907059
51469,0.013174575
51470,0.012462751
51471,0.011809756
51472,0.011118817
51473,0.010447355
51474,0.009832961
51475,0.009226369
51476,0.008680495
51477,0.008185775
51478,0.007761086
51479,0.007469288
51480,0.007190617
51481,0.007117287
51482,0.007139994
51483,0.007231339
51484,0.00749244
51485,0.007874183
51486,0.008236438
51487,0.008789992
51488,0.009338857
51489,0.009906168
51490,0.010561305
51491,0.011188435
51492,0.011866994
51493,0.012501221
51494,0.013178451
51495,0.013869937
51496,0.014490509
51497,0.015148017
51498,0.01584949
51499,0.016421205
51500,0.017088473
51501,0.017716796
51502,0.018301471
51503,0.0189018
51504,0.019504537
51505,0.0200446
51506,0.02064377
51507,0.021131824
51508,0.021728725
51509,0.022219447
51510,0.022702227
51511,0.023269488
51512,0.023711092
51513,0.024187796
51514,0.024689733
51515,0.025129178
51516,0.025579802
51517,0.026028791
51518,0.026459107
51519,0.026905953
51520,0.027283373
51521,0.027742293
51522,0.028160858
51523,0.028513323
51524,0.028990583
51525,0.029356255
51526,0.02976205
51527,0.030148002
51528,0.030556104
51529,0.030914058
51530,0.031281543
51531,0.031650565
51532,0.032018586
51533,0.032320989
51534,0.032668117
51535,0.033006016
51536,0.033263543
51537,0.03357125
51538,0.033845227
51539,0.034083174
51540,0.03431978
51541,0.034539451
51542,0.03476531
51543,0.034935868
51544,0.035069023
51545,0.035316479
51546,0.035348943
51547,0.035496247
51548,0.035605768
51549,0.03562687
51550,0.035679182
51551,0.03568159
51552,0.035653699
51553,0.035614611
51554,0.035482007
51555,0.035413044
51556,0.035242055
51557,0.035007362
51558,0.0348697
51559,0.03456441
51560,0.03429168
51561,0.034003473
51562,0.033655844
51563,0.033312699
51564,0.032903499
51565,0.032540293
51566,0.032105329
51567,0.031656758
51568,0.031207247
51569,0.030780822
51570,0.030239037
51571,0.029801734
51572,0.02930861
51573,0.028789435
51574,0.028303037
51575,0.027807518
51576,0.027304843
51577,0.026798662
51578,0.026305629
51579,0.025856572
51580,0.025347571
51581,0.024919548
51582,0.024538181
51583,0.024094038
51584,0.023773537
51585,0.023443609
51586,0.023155203
51587,0.022898343
51588,0.022688962
51589,0.022518234
51590,0.022383198
51591,0.022253073
51592,0.022278246
51593,0.022188811
51594,0.022234127
51595,0.022339773
51596,0.022382099
51597,0.022525608
51598,0.02268843
51599,0.022849925
51600,0.023042021
51601,0.023249732
51602,0.023479321
51603,0.023716199
51604,0.023911284
51605,0.024219933
51606,0.024430872
51607,0.024648846
51608,0.024954523
51609,0.025142904
51610,0.025383473
51611,0.025610908
51612,0.025826735
51613,0.026015594
51614,0.026215365
51615,0.026373972
51616,0.026581047
51617,0.026660456
51618,0.026837338
51619,0.026964913
51620,0.027011545
51621,0.027134038
51622,0.027228689
51623,0.02723481
51624,0.027338302
51625,0.027357338
51626,0.027413573
51627,0.027429267
51628,0.027452572
51629,0.027515425
51630,0.027485819
51631,0.027528786
51632,0.027573618
51633,0.0275691
51634,0.027590776
51635,0.027659438
51636,0.027651149
51637,0.027712826
51638,0.027735105
51639,0.027796985
51640,0.02783379
51641,0.027860133
51642,0.027978196
51643,0.027984673
51644,0.028062662
51645,0.028170184
51646,0.028227021
51647,0.028303778
51648,0.02841492
51649,0.028488415
51650,0.028589321
51651,0.028647089
51652,0.028769229
51653,0.028845562
51654,0.028875795
51655,0.02903626
51656,0.029045081
51657,0.029115643
51658,0.029187323
51659,0.029209639
51660,0.0292283
51661,0.029241762
51662,0.029214948
51663,0.029213605
51664,0.02910587
51665,0.029075288
51666,0.028978577
51667,0.028828184
51668,0.028699636
51669,0.028574451
51670,0.02832198
51671,0.028155051
51672,0.027926794
51673,0.027648364
51674,0.027398899
51675,0.027061304
51676,0.026797916
51677,0.026401514
51678,0.026043801
51679,0.025714443
51680,0.025256916
51681,0.024862115
51682,0.024465021
51683,0.02399505
51684,0.023550701
51685,0.023091704
51686,0.022617356
51687,0.022144014
51688,0.021605906
51689,0.021179222
51690,0.020625484
51691,0.020128724
51692,0.019666476
51693,0.019144134
51694,0.018662523
51695,0.01817986
51696,0.017730028
51697,0.017249369
51698,0.016787389
51699,0.016370387
51700,0.015946055
51701,0.01548196
51702,0.015139735
51703,0.014726317
51704,0.014337305
51705,0.01401095
51706,0.013675968
51707,0.013324021
51708,0.013068047
51709,0.012742316
51710,0.012522856
51711,0.01222258
51712,0.012007921
51713,0.011807648
51714,0.011542525
51715,0.011370158
51716,0.011195448
51717,0.010951576
51718,0.010795203
51719,0.010616393
51720,0.010384643
51721,0.010228444
51722,0.009992254
51723,0.00981572
51724,0.009573325
51725,0.009328109
51726,0.00914991
51727,0.008828245
51728,0.008590195
51729,0.008345522
51730,0.00802324
51731,0.007724303
51732,0.007474942
51733,0.0071131
51734,0.006835502
51735,0.006499256
51736,0.00620606
51737,0.005882935
51738,0.005553221
51739,0.005290314
51740,0.004994461
51741,0.004694821
51742,0.00452286
51743,0.004280697
51744,0.004104218
51745,0.004028242
51746,0.003934903
51747,0.003907047
51748,0.003970474
51749,0.004035876
51750,0.004171177
51751,0.004334256
51752,0.004531421
51753,0.004770121
51754,0.004968996
51755,0.005267302
51756,0.005512376
51757,0.005749654
51758,0.006050029
51759,0.006311572
51760,0.006514538
51761,0.00681499
51762,0.007012168
51763,0.007220396
51764,0.007430862
51765,0.007583386
51766,0.007779042
51767,0.0078477
51768,0.007998181
51769,0.008082709
51770,0.008096599
51771,0.008148542
51772,0.008153966
51773,0.008094243
51774,0.008040655
51775,0.007949747
51776,0.00783413
51777,0.007662321
51778,0.007470618
51779,0.007319853
51780,0.007001897
51781,0.006779298
51782,0.00651146
51783,0.006170346
51784,0.005847001
51785,0.00551682
51786,0.005119364
51787,0.004744368
51788,0.004278488
51789,0.003890339
51790,0.003389491
51791,0.002885067
51792,0.002432506
51793,0.001883506
51794,0.001335655
51795,0.000828507
51796,0.000278824
51797,0.000329096
51798,0.000868142
51799,0.001465042
51800,0.002003669
51801,0.002653086
51802,0.003194536
51803,0.003772312
51804,0.004425903
51805,0.00495127
51806,0.005564929
51807,0.006156906
51808,0.006744534
51809,0.007324086
51810,0.007902761
51811,0.008506382
51812,0.009076742
51813,0.009617989
51814,0.010236836
51815,0.010768087
51816,0.011296726
51817,0.011882826
51818,0.012374755
51819,0.012931603
51820,0.013401109
51821,0.013941976
51822,0.014429424
51823,0.01487225
51824,0.015378189
51825,0.015854254
51826,0.016242482
51827,0.016759591
51828,0.017178721
51829,0.017614321
51830,0.018064835
51831,0.018517156
51832,0.018956649
51833,0.019404198
51834,0.019848837
51835,0.020341246
51836,0.020768355
51837,0.021224981
51838,0.021762466
51839,0.02215465
51840,0.022674902
51841,0.023154764
51842,0.023599236
51843,0.024094579
51844,0.024545274
51845,0.025033025
51846,0.025488009
51847,0.025926215
51848,0.026436856
51849,0.026871171
51850,0.027291059
51851,0.027812111
51852,0.028188233
51853,0.028642478
51854,0.029058504
51855,0.029469656
51856,0.029872666
51857,0.030220123
51858,0.030656216
51859,0.03096459
51860,0.031303567
51861,0.031649561
51862,0.031929355
51863,0.032183196
51864,0.032452613
51865,0.032653288
51866,0.032855086
51867,0.032983357
51868,0.033151273
51869,0.033238248
51870,0.033296352
51871,0.033338785
51872,0.033394005
51873,0.033301605
51874,0.033294712
51875,0.033215915
51876,0.033047814
51877,0.032928335
51878,0.032702418
51879,0.032500622
51880,0.032206955
51881,0.031895124
51882,0.031615512
51883,0.031195871
51884,0.030796767
51885,0.030444027
51886,0.029921587
51887,0.029482397
51888,0.029020423
51889,0.028477166
51890,0.028008253
51891,0.027436595
51892,0.026968631
51893,0.026407575
51894,0.025877636
51895,0.02540719
51896,0.024884607
51897,0.024389369
51898,0.023968601
51899,0.023527132
51900,0.02311133
51901,0.022776534
51902,0.022444573
51903,0.022176757
51904,0.021933092
51905,0.021789946
51906,0.021670389
51907,0.021588009
51908,0.021626086
51909,0.021704551
51910,0.021780331
51911,0.022044864
51912,0.022259583
51913,0.022583698
51914,0.022952515
51915,0.023389375
51916,0.023842532
51917,0.024362545
51918,0.024911073
51919,0.025526932
51920,0.026094669
51921,0.026770694
51922,0.027445688
51923,0.028072923
51924,0.028803333
51925,0.029488165
51926,0.030173116
51927,0.03086672
51928,0.03157103
51929,0.032249465
51930,0.032911536
51931,0.033571146
51932,0.03425793
51933,0.03486294
51934,0.035477692
51935,0.036174632
51936,0.036691953
51937,0.037338288
51938,0.037925464
51939,0.038480957
51940,0.03905433
51941,0.0396018
51942,0.040147104
51943,0.04069198
51944,0.041163865
51945,0.041754256
51946,0.042219982
51947,0.042701489
51948,0.043250349
51949,0.043682355
51950,0.04415077
51951,0.044613195
51952,0.045043408
51953,0.045470135
51954,0.045860577
51955,0.046273588
51956,0.046671855
51957,0.046977993
51958,0.047400576
51959,0.047711139
51960,0.048028747
51961,0.048347295
51962,0.048666952
51963,0.048919387
51964,0.049198598
51965,0.049461684
51966,0.049680765
51967,0.049895709
51968,0.050071056
51969,0.050285721
51970,0.050378958
51971,0.05051567
51972,0.050637909
51973,0.050653935
51974,0.050715612
51975,0.050701111
51976,0.050679836
51977,0.050592758
51978,0.050482396
51979,0.050382304
51980,0.050184221
51981,0.049938802
51982,0.049788868
51983,0.049408917
51984,0.04913663
51985,0.048782965
51986,0.048364158
51987,0.047958455
51988,0.04745022
51989,0.046970609
51990,0.046404387
51991,0.045760039
51992,0.045191533
51993,0.044462878
51994,0.04373228
51995,0.043026629
51996,0.042201045
51997,0.041401027
51998,0.040542363
51999,0.039701684
52000,0.038786066
