core,mid_m,member_top,oilgpt
BF1,0.07620000000000005,-0,3.2
BF1,0.4267200000000173,-0,0.4
BF1,0.9448800000000119,-0,0.4
BF1,1.3411199999999894,-0,1.2
BF1,1.6459199999999896,-0,2.1
BF1,1.9964400000000069,-0,6.5
BF1,2.4688799999999844,-0,22.2
BF1,2.9260799999999847,-0,11.9
BF1,3.2613599999999963,-0,1
BF1,3.627119999999991,-0,2.7
BF1,4.008119999999991,-0,6.9
BF1,4.328159999999997,-0,6.1
BF1,4.632959999999997,-0,6.7
BF1,4.937759999999997,-0,3.9
BF1,5.2425599999999974,-0,3.7
BF1,5.669279999999986,-0,1.8
BF1,6.035040000000009,-0,0.3
BF1,6.309359999999998,-0,2.2
BF1,6.659879999999987,-0,1.9
BF1,6.9951599999999985,-0,2
BF1,7.315200000000004,-0,2.2
BF1,7.6200000000000045,-0,1.9
BF1,7.955279999999988,-0,4.6
BF1,8.29056,-0,7.9
BF1,8.59536,-0,7.7
BF1,8.90016,-0,9.7
BF1,9.20496,-0,8.5
BF1,9.540240000000011,-0,7.4
BF1,9.936479999999989,-0,14.6
BF1,10.302240000000012,-0,20.7
BF1,10.607040000000012,-0,17
BF1,10.911840000000012,-0,11.2
BF1,11.277600000000007,-0,7
BF1,11.719560000000001,-0,6.1
BF1,12.14627999999999,-0,17.5
BF1,12.52727999999999,-0,21.4
BF1,12.893040000000013,-0,12.9
BF1,13.243560000000002,-0,2
BF1,13.563600000000008,-0,3.8
BF1,13.868400000000008,-0,3
BF1,14.203679999999991,-0,4.4
BF1,14.615160000000003,-0,5.8
BF1,14.996160000000003,-0,16.6
BF1,15.300960000000003,-0,27.3
BF1,15.605760000000004,-0,25.3
BF1,15.910560000000004,-0,21.5
BF1,16.215360000000004,-0,14.2
BF1,16.53540000000001,-0,7.4
BF1,16.885920000000027,-0,10.6
BF1,17.236440000000016,-0,11.4
BF1,17.57172,-0,5.2
BF1,17.90700000000001,-0,2.9
BF1,18.242279999999994,-0,4.5
BF1,18.56232,-0,4.3
BF1,18.86712,-0,6.5
BF1,19.24812,-0,16.1
BF1,19.613879999999995,-0,5.1
BF1,19.872960000000006,-0,3.7
BF1,20.13203999999999,-0,3.1
BF1,20.406360000000006,-0,4.6
BF1,20.680680000000024,-0,7.3
BF1,21.061680000000024,-0,28.1
BF1,21.42744000000002,-0,9.7
BF1,21.701760000000007,-0,1.8
BF1,22.021799999999985,-0,1.4
BF1,22.387560000000008,-0,4.2
BF1,22.783799999999985,-0,9.5
BF1,23.18004000000002,-0,8.8
BF1,23.545799999999986,-0,3.2
BF1,23.89632000000003,-0,1.1
BF1,24.262079999999997,-0,0.2
BF1,24.59736000000001,-0,1.1
BF1,24.917399999999986,-0,1.5
BF1,25.252680000000026,-0,4
BF1,25.61844000000002,-0,16.3
BF1,25.96896000000001,-0,26.8
BF1,26.27376000000001,-0,7.4
BF1,26.593799999999987,-0,5.6
BF1,26.929080000000027,-0,5.5
BF1,27.249120000000033,-0,18.1
BF1,27.553920000000033,-0,25.4
BF1,27.858720000000034,-0,21.4
BF1,28.163520000000034,-0,6.6
BF1,28.514040000000023,-0,2.5
BF1,28.895040000000023,-0,1.6
BF1,29.26079999999999,-0,1.5
BF1,29.611320000000006,-0,11.9
BF1,29.94659999999999,-0,30.9
BF1,30.266640000000024,-0,1.4
BF1,30.601920000000007,-0,0.2
BF1,30.93719999999999,-0,0.4
BF1,31.257239999999967,-0,0.7
BF1,31.592520000000007,-0,2.1
BF1,31.912560000000013,-0,2.3
BF1,32.15639999999999,-0,34.6
BF1,32.400240000000025,-0,1e-5
BF1,32.94888000000003,-0,1e-5
BF1,33.771840000000026,-0,0.1
BF1,34.39668,-0,1e-5
BF1,34.731960000000015,-0,1e-5
BF1,34.99104000000003,-0,1e-5
BF1,35.265360000000015,-0,1e-5
BF1,35.58539999999999,-0,0.1
BF1,35.90544000000003,-0,1e-5
BF1,36.68268000000003,-0,1e-5
BF1,37.93236000000002,-0,1e-5
BF1,38.816280000000006,-0,1e-5
BF1,39.22776000000002,-0,1e-5
BF1,39.60876000000002,-0,1e-5
BF1,40.14216000000002,-0,1e-5
BF1,40.75176000000002,-0,1e-5
BF1,41.36136000000002,-0,1e-5
BF1,41.81856000000002,-0,1e-5
BF1,42.3672,-0,1e-5
BF1,43.14444,-0,0.6
BF1,43.67784,-0,6
BF1,44.0436,-0,25.6
BF1,44.40936000000002,-0,8.8
BF1,44.775120000000015,-0,1.8
BF1,45.201839999999976,-0,0.3
BF1,45.582839999999976,-0,1.1
BF1,45.97908000000001,-0,1.9
BF1,46.49723999999998,-0,3.8
BF1,47.076359999999994,-0,9.8
BF1,47.4726,-0,4.7
BF1,47.65548000000001,-0,1e-5
BF1,48.006,-0,1.3
BF1,48.56988000000004,-0,0.6
BF1,49.16424000000001,-0,0.8
BF1,49.6824,-0,2.6
BF1,50.07864000000001,-0,33
BF1,50.4444,-0,36.4
BF1,50.70348000000001,-0,11.3
BF1,50.962559999999996,-0,1.2
BF1,51.29784000000001,-0,0.1
BF1,51.61788000000004,-0,0.2
BF1,51.95316,-0,0.6
BF1,52.2732,-0,1.5
BF1,52.6542,-0,13.5
BF1,53.12663999999998,-0,3.9
BF1,53.599080000000015,-0,0.6
BF1,53.93436,-0,0
BF1,54.132480000000044,-0,1.7
BF1,54.42204000000001,-0,1.3
BF1,54.81827999999999,-0,7.1
BF1,55.19927999999999,-0,9.1
BF1,55.50407999999999,-0,0.4
BF1,55.86983999999998,-0,3.6
BF1,56.18987999999999,-0,0
BF1,56.41847999999999,-0,2.2
BF1,56.72327999999999,-0,1
BF1,57.02807999999999,-0,0.8
BF1,57.34812000000002,-0,1.1
BF1,57.66816,-0,2
BF1,57.97296,-0,3.2
BF1,58.27776,-0,6.6
BF1,58.58256,-0,11.6
BF1,58.93307999999999,-0,5.4
BF1,59.19216,-0,0
BF1,59.405520000000024,-0,3.1
BF1,59.80176,-0,1.9
BF1,60.22847999999999,-0,3.1
BF1,60.76187999999999,-0,2.5
BF1,61.462920000000025,-0,2.5
BF1,61.965840000000014,-0,2
BF1,62.39256,-0,2.9
BF1,62.94119999999998,-0,2.8
BF1,63.870840000000015,-0,2.5
BF1,65.21196,-0,1.7
BF1,66.05016,-0,1
BF1,66.76644000000002,-0,3
BF1,67.48272000000003,-0,4.6
BF1,67.80276,-0,6.3
BF1,68.15328,-0,6.6
BF1,68.50379999999998,-0,14.3
BF1,68.80859999999998,-0,16.8
BF1,69.09816000000001,-0,10.2
BF1,69.66204000000002,-0,2.3
BF1,70.48499999999999,-0,2.2
BF1,71.21652000000003,-0,3.5
BF1,71.74992000000003,-0,6.3
BF1,72.19188,-0,0
BF1,72.60336000000001,-0,11.6
BF1,73.22819999999999,-0,6.3
BF1,74.12736000000001,-0,7.7
BF1,74.79792000000003,-0,6.7
BF1,75.22464,-0,8.1
BF1,75.59039999999999,-0,8.5
BF1,75.92568,-0,4.6
BF1,76.42859999999999,-0,2.5
BF1,77.03819999999999,-0,1.5
BF1,77.63256000000001,-0,1.8
BF1,78.19644000000002,-0,2.5
BF1,78.65364000000002,-0,4.2
BF1,79.12608,-0,4.5
BF1,79.55279999999999,-0,12.7
BF1,79.91856000000001,-0,17.5
BF1,80.28432000000004,-0,25.9
BF1,80.60436000000001,-0,5
BF1,80.95488,-0,2.9
BF1,81.29016000000001,-0,3.4
BF1,81.59496000000001,-0,10.2
BF1,81.94548,-0,22.6
BF1,82.32648,-0,2.9
BF1,82.81416000000002,-0,1.8
BF1,83.3628,-0,3.5
BF1,83.82,-0,2.6
BF1,84.18576000000002,-0,1e-5
BF1,84.4296,-0,14
BF1,84.70392000000001,-0,29.1
BF1,85.06968,-0,3.8
BF1,85.43544000000003,-0,2.2
BF1,85.8012,-0,2.4
BF1,86.13648,-0,2.3
BF1,86.44128,-0,1.1
BF1,86.868,-0,1e-5
BF1,87.41664000000003,-0,1e-5
BF1,87.84336000000002,-0,15.4
BF1,88.14816000000002,-0,29.9
BF1,88.45296000000002,-0,28.3
BF1,88.75776000000002,-0,27.2
BF1,89.06256000000002,-0,6.7
BF1,89.36736000000002,-0,5.6
BF1,89.74836000000002,-0,1.5
BF1,90.12936000000002,-0,3.7
BF1,90.49512000000001,-0,4.1
BF1,90.99803999999997,-0,32.3
BF1,91.47048000000001,-0,2.4
BF1,92.18676000000002,-0,0.4
BF1,93.23832000000002,-0,0.9
BF1,93.90888000000001,-0,3.9
BF1,94.19843999999998,-0,27.7
BF1,94.42703999999998,-0,2
BF1,94.76232000000002,-0,1e-5
BF1,95.41764,-0,1e-5
BF1,96.25584,-0,1e-5
BF1,96.75876000000002,-0,0
BF1,97.13976000000002,-0,0.8
BF1,97.90176,-0,1
BF1,98.63328000000001,-0,0.9
BF1,99.42576,-0,1e-5
BF1,99.95916,-0,0
BF1,100.18776,-0,0.8
BF1,100.55352000000002,-0,1.3
BF1,100.85832000000002,-0,1.8
BF1,101.23932000000002,-0,1.7
BF1,101.55936,-0,4.1
BF1,101.78796,-0,31.4
BF1,102.15372000000002,-0,1
BF1,102.53472000000002,-0,0.3
BF1,102.76332000000002,-0,0
BF1,102.99192000000002,-0,2.1
BF1,103.29672000000002,-0,2.5
BF1,103.64724000000001,-0,1.5
BF1,104.05872000000002,-0,23.6
BF1,104.40923999999998,-0,13.3
BF1,104.75976,-0,1.8
BF1,105.17124000000001,-0,1.4
BF1,105.52176,-0,2.6
BF1,105.82656,-0,18.8
BF1,106.13136,-0,17.7
BF1,106.43616,-0,10
BF1,106.74096,-0,6.2
BF1,107.04576,-0,1.8
BF1,107.35056,-0,1.4
BF1,107.73156,-0,1
BF1,108.17352000000002,-0,3.6
BF1,108.53927999999999,-0,11.6
BF1,108.99647999999999,-0,1e-5
BF1,109.60607999999999,-0,1e-5
BF1,110.07852000000003,-0,1e-5
BF1,110.85576,-0,1e-5
BF1,112.07496,-0,1e-5
BF1,113.14176,-0,1e-5
BF1,113.87328,-0,1e-5
BF1,114.33048,-0,1e-5
BF1,114.71148,-0,1e-5
BF1,115.13819999999998,-0,1.9
BF1,115.51919999999998,-0,8.9
BF1,115.88496,-0,1e-5
BF1,116.57076,-0,1e-5
BF1,117.51563999999999,-0,1e-5
BF1,118.59768,-0,1e-5
BF1,119.49683999999999,-0,1e-5
BF1,120.06072,-0,1e-5
BF1,120.56364000000002,-0,0.2
BF1,120.82272,-0,0
BF1,121.08179999999999,-0,1.7
BF1,121.50852000000003,-0,1
BF1,121.88952,-0,1.1
BF1,122.28576000000004,-0,13.3
BF1,122.65152,-0,9.7
BF1,122.95632,-0,8.3
BF1,123.26112,-0,8
BF1,123.58116000000001,-0,7.7
BF1,123.90120000000002,-0,4.2
BF1,124.26695999999998,-0,3
BF1,124.64796000000001,-0,1
BF1,124.99848000000003,-0,1.2
BF1,125.37948,-0,1.3
BF1,125.77572000000004,-0,1.9
BF1,126.12624,-0,3.9
BF1,126.44628000000006,-0,26.3
BF1,126.79680000000002,-0,21.1
BF1,127.10160000000002,-0,7.6
BF1,127.36068000000006,-0,1.2
BF1,127.69596000000001,-0,1.1
BF1,128.10744,-0,0.8
BF1,128.53415999999999,-0,3.2
BF1,129.03708000000006,-0,0.7
BF1,129.4638,-0,1.7
BF1,129.86004000000003,-0,0.6
BF1,130.36296,-0,0.3
BF1,130.69824,-0,3
BF1,130.91160000000002,-0,14.3
BF1,131.20116000000002,-0,3.1
BF1,131.53643999999997,-0,1.4
BF1,131.97840000000002,-0,1.4
BF1,132.52704,-0,1e-5
BF1,133.09092000000004,-0,1e-5
BF1,133.54812000000004,-0,0.3
BF1,133.91388,-0,4.7
BF1,134.32536,-0,2.5
BF1,134.75208000000003,-0,1e-5
BF1,135.4074,-0,1e-5
BF1,136.61136,-0,1e-5
BF1,137.98296,-0,1e-5
BF1,139.26312000000001,-0,1e-5
BF1,140.20799999999997,-0,1e-5
BF1,140.66519999999997,-0,1e-5
BF1,141.03096,-0,1e-5
BF1,141.39672000000002,-0,0.5
BF1,141.73199999999997,-0,0.5
BF1,142.03679999999997,-0,7.8
BF1,142.34159999999997,-0,17.1
BF1,142.64639999999997,-0,17.4
BF1,142.95119999999997,-0,1.9
BF1,143.28647999999998,-0,0.8
BF1,143.62176,-0,1
BF1,143.92656,-0,1.5
BF1,144.23136,-0,3.2
BF1,144.53616,-0,11.4
BF1,144.84096,-0,21.1
BF1,145.11527999999998,-0,11.7
BF1,145.40483999999998,-0,6.5
BF1,145.72487999999998,-0,6.7
BF1,146.02967999999998,-0,7.3
BF1,146.33447999999999,-0,15.9
BF1,146.66976,-0,6.3
BF1,147.05076000000003,-0,2.9
BF1,147.41652000000005,-0,1.3
BF1,147.7518,-0,0.8
BF1,148.11756000000003,-0,2.6
BF1,148.43759999999997,-0,25.9
BF1,148.75764000000004,-0,1.5
BF1,149.13864,-0,0.9
BF1,149.47392000000002,-0,1.1
BF1,149.65679999999998,-0,0
BF1,150.23592000000002,-0,1e-5
BF1,151.39416,-0,1e-5
BF1,152.65908000000002,-0,1e-5
BF1,153.45156000000003,-0,7.2
BF1,154.16784,-0,1e-5
BF1,155.40228000000002,-0,1e-5
BF1,156.69768,-0,1e-5
BF1,157.94736,-0,1e-5
BF1,158.75508000000002,-0,0.5
BF1,159.19703999999996,-0,1.7
BF1,159.51708000000002,-0,30.2
BF1,159.69996000000003,-0,1.4
BF1,159.89808000000005,-0,1e-5
BF1,160.21812,-0,1e-5
BF1,160.69056,-0,0.2
BF1,161.11728,-0,2.4
BF1,161.48304000000002,-0,1.3
BF1,161.84879999999998,-0,2.9
BF1,162.32124,-0,4.1
BF1,162.91559999999998,-0,4.6
BF1,163.64712000000003,-0,1e-5
BF1,164.22624000000002,-0,4.6
BF1,164.53104000000002,-0,19.3
BF1,165.35399999999998,-0,1e-5
BF1,166.83228000000003,-0,1e-5
BF1,168.29532,-0,1e-5
BF1,169.25544000000002,-0,1e-5
BF1,169.71264000000002,-0,1e-5
BF1,170.03268000000003,-0,1e-5
BF1,170.45940000000002,-0,0.8
BF1,170.80992000000003,-0,1e-5
BF1,171.35856,-0,1e-5
BF1,172.42536,-0,1e-5
BF1,173.79696,-0,1e-5
BF1,175.32096,-0,1e-5
BF1,176.84496000000001,-0,1e-5
BF1,178.36896000000002,-0,1e-5
BF1,179.89296000000002,-0,1e-5
BF1,181.41696000000002,-0,1e-5
BF1,182.68188000000004,-0,1e-5
BF1,183.642,-0,1e-5
BF1,184.29731999999996,-0,1e-5
BF1,184.64783999999997,-0,1e-5
BF1,184.95263999999997,-0,0.2
BF1,185.25743999999997,-0,0.8
BF1,185.56223999999997,-0,2.7
BF1,185.86703999999997,-0,13.1
BF1,186.17183999999997,-0,6.1
BF1,186.49188000000004,-0,0.4
BF1,186.84240000000005,-0,0.5
BF1,187.19292000000002,-0,1e-5
BF1,187.54343999999998,-0,0.2
BF1,187.95492000000002,-0,0.3
BF1,188.39688000000007,-0,1.1
BF1,188.83884,-0,0
BF1,189.23508000000004,-0,1.9
BF1,189.57036,-0,3
BF1,189.95136000000002,-0,6.6
BF1,190.31712000000005,-0,7.2
BF1,190.62192000000005,-0,5
BF1,190.92672000000005,-0,4.3
BF1,191.26200000000006,-0,0.8
BF1,191.62776000000002,-0,2.2
BF1,192.00876,-0,7
BF1,192.42023999999998,-0,9.1
BF1,192.786,-0,4.3
BF1,193.10604,-0,2
BF1,193.44132000000002,-0,1.5
BF1,193.79183999999998,-0,1.7
BF1,194.15760000000006,-0,2.5
BF1,194.49288000000007,-0,4.2
BF1,194.78244,-0,13.6
BF1,195.072,-0,4.2
BF1,195.3768,-0,1.2
BF1,195.6816,-0,0.4
BF1,195.9864,-0,1.1
BF1,196.30644,-0,10.2
BF1,196.64172000000002,-0,11.2
BF1,196.96176000000003,-0,4.2
BF1,197.31228000000004,-0,1e-5
BF1,197.86091999999996,-0,0.3
BF1,198.7296,-0,1e-5
BF1,199.70496000000003,-0,1e-5
BF1,200.42124,-0,1.7
BF1,200.86320000000006,-0,1.5
BF1,201.19848000000002,-0,4.6
BF1,201.51852000000002,-0,2
BF1,201.83856000000003,-0,1.4
BF1,202.14336000000003,-0,1.9
BF1,202.44816000000003,-0,1.3
BF1,202.75296000000003,-0,1.8
BF1,203.08823999999998,-0,1.2
BF1,203.51496000000003,-0,5
BF1,203.89596,-0,5.9
BF1,204.23124,-0,2.7
BF1,204.58176000000003,-0,17.2
BF1,204.88656000000003,-0,18.5
BF1,205.20659999999998,-0,24.1
BF1,205.60284000000001,-0,5.4
BF1,206.09051999999997,-0,36.3
BF1,206.51724000000002,-0,24
BF1,206.83728000000002,-0,3.4
BF1,207.23352000000006,-0,0.7
BF1,207.69072000000006,-0,1.2
BF1,208.13268000000005,-0,1.4
BF1,208.58988000000005,-0,2.6
BF1,208.95563999999996,-0,1e-5
BF1,209.18424,-0,7.2
BF1,209.45856000000003,-0,40.6
BF1,209.79384,-0,2.3
BF1,210.25104,-0,2.3
BF1,210.81491999999997,-0,6.1
BF1,211.19591999999994,-0,13.7
BF1,211.43976000000004,-0,18.5
BF1,211.72932000000003,-0,25.1
BF1,212.04936000000004,-0,6.8
BF1,212.35416000000004,-0,1.8
BF1,212.65896000000004,-0,1.4
BF1,212.97899999999998,-0,1.7
BF1,213.29904,-0,3.6
BF1,213.74099999999999,-0,1e-5
BF1,214.32012000000003,-0,1e-5
BF1,214.71636,-0,19.5
BF1,214.92971999999997,-0,16.6
BF1,215.21928000000003,-0,19.5
BF1,215.61552,-0,6.4
BF1,216.04224,-0,10.4
BF1,216.40800000000002,-0,19.6
BF1,216.71280000000002,-0,30.7
BF1,217.01760000000002,-0,23.5
BF1,217.32240000000002,-0,2.8
BF1,217.65768000000003,-0,1.6
BF1,218.0082,-0,0.6
BF1,218.26728000000003,-0,11.4
BF1,218.52636,-0,0.4
BF1,218.9226,-0,1e-5
BF1,219.36456000000004,-0,1e-5
BF1,219.92843999999997,-0,1e-5
BF1,221.04096000000004,-0,1e-5
BF1,222.56496000000004,-0,1e-5
BF1,223.93656000000004,-0,1e-5
BF1,224.7138,-0,1e-5
BF1,225.23196000000002,-0,1e-5
BF1,226.03968000000003,-0,1e-5
BF1,226.74072,-0,2.6
BF1,227.10648000000003,-0,4.9
BF1,227.35031999999995,-0,23.8
BF1,227.63988000000006,-0,5.4
BF1,227.95992,-0,0.5
BF1,228.26472,-0,0.2
BF1,228.60000000000008,-0,1.2
BF1,228.95052000000004,-0,1.1
BF1,229.27056,-0,1.3
BF1,229.57536,-0,1.1
BF1,229.8954,-0,1.7
BF1,230.26116000000002,-0,10.2
BF1,230.62692000000004,-0,37.2
BF1,230.94696,-0,1.5
BF1,231.25176,-0,1.9
BF1,231.55656,-0,1.3
BF1,231.93756000000002,-0,1.8
BF1,232.24236000000002,-0,4.3
BF1,232.47096,-0,1e-5
BF1,232.791,-0,4.7
BF1,233.11104,-0,29.2
BF1,233.46156000000002,-0,12.2
BF1,233.85780000000005,-0,11.5
BF1,234.16260000000005,-0,22.3
BF1,234.40643999999998,-0,30.8
BF1,234.69600000000003,-0,27.8
BF1,235.03128000000004,-0,0.5
BF1,235.59516000000002,-0,1e-5
BF1,236.35716000000002,-0,1e-5
BF1,236.98200000000003,-0,0.4
BF1,237.39348000000007,-0,1.6
BF1,237.74400000000009,-0,2.2
BF1,238.03356000000002,-0,3.8
BF1,238.23168000000004,-0,13.8
BF1,238.91748000000007,-0,1e-5
BF1,240.18240000000003,-0,1e-5
BF1,241.50828000000007,-0,1e-5
BF1,242.59031999999996,-0,1e-5
BF1,243.38280000000003,-0,1e-5
BF1,243.90096,-0,1.1
BF1,244.20576,-0,2.1
BF1,244.46483999999998,-0,9.7
BF1,244.66296,-0,12.5
BF1,244.8306,-0,26.3
BF1,245.31828000000007,-0,1e-5
BF1,246.15648000000004,-0,1e-5
BF1,246.79656,-0,1e-5
BF1,247.23852000000005,-0,1e-5
BF1,247.8024000000001,-0,1e-5
BF1,248.47296,-0,1e-5
BF1,248.96064,-0,0.4
BF1,249.28068000000002,-0,1.3
BF1,249.64643999999998,-0,1.9
BF1,250.02744,-0,1e-5
BF1,250.36272000000002,-0,4.6
BF1,250.71323999999998,-0,7.6
BF1,251.00279999999998,-0,31.6
BF1,251.17043999999999,-0,10.3
BF1,251.45999999999998,-0,2.9
BF1,251.88672000000003,-0,1.6
BF1,252.31344000000001,-0,2.6
BF1,252.74016,-0,1.5
BF1,253.10592000000003,-0,1e-5
BF1,253.33452000000005,-0,1.9
BF1,253.5936000000001,-0,1e-5
BF1,253.94412000000005,-0,3.9
BF1,254.26416,-0,8.2
BF1,254.59944000000002,-0,13.8
BF1,254.93472000000003,-0,6.1
BF1,255.23952000000003,-0,10.6
BF1,255.54432000000003,-0,17
BF1,255.84912000000003,-0,11.5
BF1,256.15392,-0,10.9
BF1,256.47396000000003,-0,7.2
BF1,256.80924,-0,5
BF1,257.12928000000005,-0,3.1
BF1,257.43408000000005,-0,10.8
BF1,257.73888000000005,-0,11.1
BF1,258.04368000000005,-0,12.6
BF1,258.37896,-0,1.7
BF1,258.74472,-0,1.5
BF1,259.11048000000005,-0,1.1
BF1,259.44576,-0,2.1
BF1,259.82676000000004,-0,1.5
BF1,260.20776,-0,5.8
BF1,260.5278,-0,15.1
BF1,260.84783999999996,-0,2.8
BF1,261.16788,-0,1.1
BF1,261.50316000000004,-0,1
BF1,261.8232,-0,1.4
BF1,262.23468,-0,4.2
BF1,262.64616,-0,5.3
BF1,262.95096,-0,1e-5
BF1,263.3472,-0,0.2
BF1,263.83488000000006,-0,0.5
BF1,264.32256,-0,0.6
BF1,264.795,-0,0.9
BF1,265.26743999999997,-0,1
BF1,265.7094000000001,-0,2.4
BF1,266.10564,-0,4.2
BF1,266.50188000000003,-0,3.8
BF1,266.8524,-0,6.1
BF1,267.17244,-0,0.6
BF1,267.58392000000003,-0,0.7
BF1,268.33068000000003,-0,0.3
BF1,269.33651999999995,-0,1.8
BF1,269.99183999999997,-0,1.5
BF1,270.31188000000003,-0,5.1
BF1,270.64716000000004,-0,5.6
BF1,270.99768000000006,-0,2.3
BF1,271.33296,-0,0.4
BF1,271.63776,-0,1e-5
BF1,271.9578,-0,0.5
BF1,272.29308000000003,-0,2.1
BF1,272.64360000000005,-0,4.1
BF1,273.00936,-0,2.6
BF1,273.4818,-0,1.4
BF1,274.03044,-0,0.5
BF1,274.71623999999997,-0,0.4
BF1,275.90496,-0,0.3
BF1,277.42896,-0,1.7
BF1,278.4348,-0,2.6
BF1,278.84628000000004,-0,5
BF1,279.21204,-0,2
BF1,279.86736,-0,1.6
BF1,280.78176,-0,1.1
BF1,281.77236,-0,2.2
BF1,282.53436,-0,3.7
BF1,282.96108000000004,-0,14.6
BF1,283.34208000000007,-0,14.2
BF1,283.6926,-0,6.3
BF1,284.01264,-0,4.3
BF1,284.3784,-0,4.4
BF1,284.82036,-0,4.9
BF1,285.23184,-0,3.9
BF1,285.64332,-0,3.7
BF1,286.10052,-0,8.3
BF1,286.49676,-0,12.5
BF1,286.83204,-0,12.5
BF1,287.24352000000005,-0,12.1
BF1,287.63976,-0,3.8
BF1,288.02076,-0,3
BF1,288.4932,-0,4.1
BF1,288.98088000000007,-0,4.1
BF1,289.37712000000005,-0,7.3
BF1,289.68192000000005,-0,12.9
BF1,290.06292,-0,21.3
BF1,290.38296,-0,6.6
BF1,290.67251999999996,-0,2.6
BF1,291.11448000000007,-0,1.7
BF1,291.60216,-0,2.6
BF1,292.10508000000004,-0,3.8
BF1,292.51656,-0,6.9
BF1,292.82136,-0,11.4
BF1,293.12616,-0,12.7
BF1,293.43096,-0,4.5
BF1,293.9796,-0,0.6
BF1,294.78731999999997,-0,0.3
BF1,295.73220000000003,-0,4.5
BF1,296.78376000000003,-0,1.5
BF1,297.53052,-0,11.1
BF1,297.94200000000006,-0,19.7
BF1,298.20108000000005,-0,9.5
BF1,298.64304,-0,2.5
BF1,299.37456000000003,-0,1.7
BF1,300.04512000000005,-0,1.7
BF1,300.6090000000001,-0,2
BF1,301.02048,-0,1.9
BF1,301.27956,-0,12.8
BF1,301.56911999999994,-0,14
BF1,301.9044,-0,13
BF1,302.2092,-0,12.4
BF1,302.54448,-0,12.3
BF1,302.94072000000006,-0,7.9
BF1,303.41316,-0,5
BF1,304.00751999999994,-0,9.3
BF1,304.73904,-0,4
BF1,305.40960000000007,-0,8.2
BF1,305.95824,-0,6.6
BF1,306.38496000000004,-0,8.5
BF1,306.72024,-0,13.9
BF1,307.05552000000006,-0,13.4
BF1,307.36032000000006,-0,17.4
BF1,307.63464,-0,16.2
BF1,307.87848,-0,20.2
BF1,308.13756,-0,14.8
BF1,308.47284,-0,4.1
BF1,309.03672000000006,-0,2.6
BF1,309.76824,-0,2.8
BF1,310.25591999999995,-0,6.4
BF1,310.54548000000005,-0,28.2
BF1,310.86552000000006,-0,26.3
BF1,311.15508000000005,-0,15.3
BF1,311.44464,-0,12
BF1,311.8104,-0,6.4
BF1,312.61812000000003,-0,3.8
BF1,313.45632000000006,-0,1.9
BF1,313.95923999999997,-0,3
BF1,314.64504,-0,8.9
BF1,315.51372000000003,-0,11.1
BF1,316.10808000000003,-0,17.4
BF1,316.36716,-0,21
BF1,316.62624,-0,9.6
BF1,316.992,-0,1.4
BF1,317.66256000000004,-0,1.7
BF1,318.516,-0,0.3
BF1,319.30848000000003,-0,0.8
BF1,319.85712,-0,1.2
BF1,320.23812000000004,-0,19.9
BF1,320.61912,-0,24.6
BF1,320.90868000000006,-0,14.4
BF1,321.183,-0,31.8
BF1,321.42683999999997,-0,13.2
BF1,321.74688000000003,-0,3.1
BF1,322.20408000000003,-0,1
BF1,322.61556,-0,1e-5
BF1,322.95083999999997,-0,1
BF1,323.27088000000003,-0,1e-5
BF1,323.57568000000003,-0,1e-5
BF1,323.88048000000003,-0,7.6
WM1,0.12192000000000291,-0,25.9
WM1,0.48768000000001166,-0,23.4
WM1,0.8686800000000119,-0,3.6
WM1,1.1887200000000036,-0,0.7
WM1,1.5544799999999839,-0,6.7
WM1,1.8897599999999954,-0,12.2
WM1,2.2402799999999843,-0,3.6
WM1,2.6365200000000044,-0,1.6
WM1,3.0632400000000075,-0,1.2
WM1,3.4442400000000077,-0,0
WM1,3.749040000000008,-0,3
WM1,4.053840000000008,-0,2.9
WM1,4.358640000000008,-0,10.9
WM1,4.7396400000000085,-0,8.8
WM1,5.273040000000009,-0,5.8
WM1,5.806440000000009,-0,8.1
WM1,6.278880000000001,-0,11
WM1,6.690359999999998,-0,5.4
WM1,7.040879999999987,-0,4.7
WM1,7.406639999999996,-0,10.3
WM1,7.757159999999999,-0,28.8
WM1,8.001000000000005,-0,37.7
WM1,8.168639999999996,-0,14.8
WM1,8.473439999999997,-0,4.8
WM1,8.839200000000005,-0,6.5
WM1,9.250679999999988,-0,1.7
WM1,9.540239999999997,-0,0
WM1,9.784080000000003,-0,1.9
WM1,10.226039999999998,-0,3.3
WM1,10.607039999999998,-0,15.2
WM1,10.911839999999998,-0,34.1
WM1,11.216639999999998,-0,25.7
WM1,11.521439999999998,-0,17.7
WM1,11.826239999999999,-0,12.2
WM1,12.131039999999999,-0,8.2
WM1,12.435839999999999,-0,8
WM1,12.740639999999999,-0,1.4
WM1,13.04544,-0,3.3
WM1,13.38072000000001,-0,2.2
WM1,13.746479999999991,-0,1.8
WM1,14.051279999999991,-0,8.8
WM1,14.386560000000003,-0,7.2
WM1,14.752320000000012,-0,1.6
WM1,15.14855999999999,-0,3.6
WM1,15.575279999999992,-0,26.4
WM1,15.956279999999992,-0,19.6
WM1,16.352520000000013,-0,11.1
WM1,16.794480000000007,-0,1.8
WM1,17.29740000000001,-0,2.2
WM1,17.708880000000008,-0,8.4
WM1,18.02892,-0,11.1
WM1,18.40992,-0,7.4
WM1,18.775679999999994,-0,3.5
WM1,19.187160000000006,-0,1.2
WM1,19.65960000000001,-0,1.2
WM1,20.025360000000006,-0,3.1
WM1,20.452079999999995,-0,4.3
WM1,20.955000000000013,-0,22.7
WM1,21.290279999999996,-0,6.2
WM1,21.595079999999996,-0,2.1
WM1,21.976079999999996,-0,3.5
WM1,22.311360000000008,-0,20.3
WM1,22.616160000000008,-0,25.5
WM1,22.844760000000008,-0,18
WM1,23.134320000000002,-0,7.6
WM1,23.545800000000014,-0,2.2
WM1,23.957279999999997,-0,0.7
WM1,24.323039999999992,-0,3.4
WM1,24.704039999999992,-0,23.3
WM1,25.085039999999992,-0,1e-5
WM1,25.481279999999998,-0,1e-5
WM1,25.984200000000016,-0,1e-5
WM1,26.380439999999993,-0,1.1
WM1,26.609039999999993,-0,2.3
WM1,26.77668,-0,34.2
WM1,27.03576000000001,-0,0.1
WM1,27.523439999999994,-0,1e-5
WM1,28.133039999999994,-0,1e-5
WM1,28.773120000000006,-0,1e-5
WM1,29.33699999999999,-0,1e-5
WM1,29.71799999999999,-0,1e-5
WM1,30.02279999999999,-0,1e-5
WM1,30.32759999999999,-0,1e-5
WM1,30.66288,-0,1e-5
WM1,30.86099999999999,-0,0
WM1,31.226759999999985,-0,1e-5
WM1,32.24784,-0,1e-5
WM1,33.57372000000001,-0,1e-5
WM1,34.68624,-0,1e-5
WM1,35.32632000000001,-0,1e-5
WM1,35.73779999999999,-0,1e-5
WM1,36.13404,-0,0.9
WM1,36.49980000000002,-0,5.7
WM1,36.89604,-0,31.8
WM1,37.24655999999999,-0,10.1
WM1,37.55135999999999,-0,2.1
WM1,37.73424,-0,0
WM1,37.94760000000002,-0,1.2
WM1,38.282880000000006,-0,1.5
WM1,38.69435999999999,-0,2.4
WM1,39.10584,-0,2
WM1,39.41064,-0,1.4
WM1,39.71544,-0,9.2
WM1,40.03548000000001,-0,5.5
WM1,40.35552000000001,-0,1e-5
WM1,40.66032000000001,-0,1e-5
WM1,40.96512000000001,-0,0.6
WM1,41.28515999999999,-0,0.8
WM1,41.605199999999996,-0,2.8
WM1,42.031920000000014,-0,33.5
WM1,42.4434,-0,19.5
WM1,42.672,-0,0.5
WM1,42.80915999999999,-0,0
WM1,43.129200000000026,-0,1e-5
WM1,43.555920000000015,-0,1e-5
WM1,43.860720000000015,-0,0.4
WM1,44.165520000000015,-0,1.5
WM1,44.48555999999999,-0,9.6
WM1,44.8056,-0,13.8
WM1,45.079920000000016,-0,7
WM1,45.384720000000016,-0,0.6
WM1,45.72000000000003,-0,1e-5
WM1,46.040040000000005,-0,1e-5
WM1,46.36007999999998,-0,1.2
WM1,46.66487999999998,-0,13.9
WM1,46.96967999999998,-0,9.2
WM1,47.259240000000005,-0,0.8
WM1,47.640240000000006,-0,2.5
WM1,48.12791999999999,-0,1.5
WM1,48.61560000000003,-0,1.3
WM1,49.07280000000003,-0,3.1
WM1,49.39284000000001,-0,8
WM1,49.712879999999984,-0,8.8
WM1,50.093879999999984,-0,10.8
WM1,50.44440000000003,-0,9.4
WM1,50.810159999999996,-0,7
WM1,51.17592000000002,-0,4.9
WM1,51.51120000000003,-0,5.3
WM1,51.81600000000003,-0,5.2
WM1,52.12080000000003,-0,4.7
WM1,52.42560000000003,-0,7.5
WM1,52.73040000000003,-0,4.3
WM1,53.065679999999986,-0,2.9
WM1,53.41620000000003,-0,3.9
WM1,53.75147999999999,-0,3.2
WM1,54.07152000000002,-0,2.9
WM1,54.37632000000002,-0,2.3
WM1,54.68112000000002,-0,3.4
WM1,54.98592000000002,-0,4.4
WM1,55.33644000000001,-0,4.8
WM1,55.73267999999999,-0,7.4
WM1,56.11367999999999,-0,18.3
WM1,56.44896,-0,10.5
WM1,56.75376,-0,2
WM1,57.16524000000001,-0,2.7
WM1,57.57672000000002,-0,1.8
WM1,57.88152000000002,-0,3.3
WM1,58.18632000000002,-0,2.7
WM1,58.491120000000024,-0,5.7
WM1,58.75020000000001,-0,13.1
WM1,59.00927999999999,-0,7.1
WM1,59.31407999999999,-0,5.5
WM1,59.67984000000001,-0,8.8
WM1,60.10656000000003,-0,8.8
WM1,60.51804000000001,-0,3.5
WM1,60.92951999999997,-0,3.6
WM1,61.34100000000001,-0,1.8
WM1,61.767720000000025,-0,1.5
WM1,62.25540000000001,-0,2.2
WM1,62.68211999999997,-0,2.1
WM1,63.00216,-0,1.8
WM1,63.337440000000015,-0,2
WM1,63.77940000000001,-0,2.9
WM1,64.28231999999997,-0,3.1
WM1,64.67856,-0,12
WM1,64.95288,-0,25
WM1,65.22720000000001,-0,6
WM1,65.63868,-0,3.5
WM1,66.09588,-0,1.7
WM1,66.50736000000003,-0,1.8
WM1,66.93408,-0,2.9
WM1,67.39128,-0,22.8
WM1,67.78752,-0,2.1
WM1,68.12280000000001,-0,2.1
WM1,68.45808,-0,2.4
WM1,68.77811999999997,-0,2.5
WM1,69.12864000000002,-0,2.5
WM1,69.38772,-0,4.9
WM1,69.64680000000001,-0,28
WM1,69.98208,-0,0.9
WM1,70.30211999999997,-0,1.1
WM1,70.63740000000001,-0,0.5
WM1,70.95744000000002,-0,2.3
WM1,71.30796000000001,-0,1.4
WM1,71.71944000000002,-0,1.7
WM1,72.08520000000001,-0,3.9
WM1,72.39000000000001,-0,20.4
WM1,72.72528,-0,29.4
WM1,72.99960000000002,-0,13.9
WM1,73.27392,-0,1.6
WM1,73.65492,-0,2
WM1,74.00544,-0,3.5
WM1,74.27976000000001,-0,23.9
WM1,74.53884,-0,44.3
WM1,74.82840000000002,-0,2.2
WM1,75.20940000000002,-0,0.1
WM1,75.66660000000002,-0,0.4
WM1,76.09332,-0,1.3
WM1,76.44384,-0,1
WM1,76.79436000000001,-0,1.4
WM1,77.12964,-0,24
WM1,77.48016000000004,-0,1e-5
WM1,78.24216000000004,-0,1e-5
WM1,79.06512000000001,-0,1e-5
WM1,79.56804,-0,1e-5
WM1,80.02524,-0,0.3
WM1,80.68055999999999,-0,1e-5
WM1,81.27491999999998,-0,0.7
WM1,81.56448,-0,0.8
WM1,81.86928,-0,2.2
WM1,82.14360000000002,-0,32.2
WM1,82.38744,-0,1e-5
WM1,82.76844,-0,1e-5
WM1,83.21040000000002,-0,1e-5
WM1,83.54568,-0,1e-5
WM1,83.78952000000001,-0,1
WM1,84.18575999999999,-0,1.2
WM1,84.59724,-0,3.6
WM1,84.82584,-0,26.7
WM1,85.06968,-0,1.5
WM1,85.37448,-0,0.9
WM1,85.75548,-0,1.5
WM1,86.16695999999999,-0,2.1
WM1,86.54795999999999,-0,7.9
WM1,86.91371999999998,-0,1e-5
WM1,87.53855999999999,-0,1e-5
WM1,88.30055999999999,-0,1e-5
WM1,88.75775999999999,-0,1.4
WM1,89.33687999999998,-0,1.2
WM1,90.22080000000003,-0,1e-5
WM1,90.84564,-0,1e-5
WM1,91.16567999999998,-0,1e-5
WM1,91.80575999999999,-0,1e-5
WM1,92.76587999999998,-0,1e-5
WM1,93.40596000000002,-0,1e-5
WM1,93.68027999999998,-0,1
WM1,93.87840000000003,-0,1.8
WM1,94.06127999999998,-0,5.6
WM1,94.44227999999998,-0,1e-5
WM1,94.74707999999998,-0,0
WM1,95.28047999999998,-0,1e-5
WM1,96.21012000000002,-0,1e-5
WM1,97.01784,-0,1e-5
WM1,97.59696,-0,1e-5
WM1,97.94747999999998,-0,0.9
WM1,98.23704000000001,-0,17
WM1,98.60280000000003,-0,6.8
WM1,98.93807999999999,-0,13.2
WM1,99.19716000000003,-0,2.7
WM1,99.50196000000003,-0,11.4
WM1,99.82200000000003,-0,1.9
WM1,100.41636,-0,1.2
WM1,101.14787999999999,-0,0.9
WM1,101.54412000000002,-0,12.4
WM1,101.77272000000002,-0,1e-5
WM1,102.16896000000003,-0,1e-5
WM1,102.59567999999999,-0,1e-5
WM1,102.91572,-0,0.2
WM1,103.12907999999999,-0,0.6
WM1,103.29672,-0,2.8
WM1,103.47960000000003,-0,0.5
WM1,103.83012000000002,-0,1e-5
WM1,104.36352000000002,-0,1e-5
WM1,104.82072000000002,-0,1e-5
WM1,105.09504000000001,-0,0.5
WM1,105.35411999999997,-0,1
WM1,105.59796,-0,11.3
WM1,105.87227999999999,-0,1e-5
WM1,106.45140000000004,-0,1e-5
WM1,107.09147999999999,-0,1e-5
WM1,107.50296,-0,1e-5
WM1,107.80776,-0,1
WM1,108.11256,-0,1e-5
WM1,108.56976,-0,1e-5
WM1,109.17936,-0,1e-5
WM1,109.65180000000001,-0,0.9
WM1,109.98707999999999,-0,4.1
WM1,110.36807999999999,-0,2
WM1,111.45012000000003,-0,1e-5
WM1,113.20272000000003,-0,1e-5
WM1,114.84864000000002,-0,1e-5
WM1,115.76304000000002,-0,1e-5
WM1,116.03736,-0,1e-5
WM1,116.31168,-0,1.4
WM1,116.58600000000001,-0,5.2
WM1,116.78412,-0,17.1
WM1,117.07368,-0,1e-5
WM1,117.43944000000002,-0,1.7
WM1,117.75948,-0,4.8
WM1,118.07952,-0,11.1
WM1,118.41480000000001,-0,6.4
WM1,118.78056000000001,-0,7.4
WM1,119.16156000000001,-0,7.9
WM1,119.51208,-0,9.2
WM1,119.90831999999997,-0,3.8
WM1,120.31980000000001,-0,1.4
WM1,120.65508,-0,1.2
WM1,120.92940000000002,-0,17.5
WM1,121.21896000000001,-0,1e-5
WM1,121.87428,-0,1e-5
WM1,122.84964000000002,-0,1e-5
WM1,123.52020000000002,-0,2
WM1,123.74880000000002,-0,1e-5
WM1,123.97740000000002,-0,1e-5
WM1,125.05944,-0,1e-5
WM1,126.24816000000001,-0,1e-5
WM1,126.64440000000002,-0,4.4
WM1,127.13208,-0,1e-5
WM1,128.41224,-0,1e-5
WM1,129.73812,-0,1e-5
WM1,130.37820000000002,-0,1e-5
WM1,130.72872,-0,1.3
WM1,130.94208,-0,6.3
WM1,131.17068,-0,0
WM1,131.56692,-0,1e-5
WM1,132.08508,-0,1e-5
WM1,132.49656,-0,1e-5
WM1,133.07568,-0,1e-5
WM1,133.71576000000005,-0,1e-5
WM1,134.31012,-0,1e-5
WM1,134.87400000000002,-0,1.6
WM1,135.20928,-0,4.3
WM1,135.54456,-0,1e-5
WM1,136.18464,-0,1e-5
WM1,136.87044,-0,1e-5
WM1,137.28192,-0,1e-5
WM1,137.69340000000003,-0,4.5
WM1,138.34872000000001,-0,1e-5
WM1,139.38504,-0,1e-5
WM1,140.45184,-0,1e-5
WM1,141.36624,-0,1e-5
WM1,141.97584,-0,1e-5
WM1,142.28064,-0,0.5
WM1,142.58544,-0,2.4
WM1,142.89024,-0,1e-5
WM1,143.65224,-0,1e-5
WM1,145.02384,-0,1e-5
WM1,147.30984000000004,-0,1e-5
WM1,150.35783999999998,-0,1e-5
WM1,152.36952,-0,1e-5
WM1,153.02484,-0,1e-5
WM1,153.36011999999997,-0,1e-5
WM1,153.80208000000002,-0,4.8
WM1,154.2288,-0,4.6
WM1,154.57932000000002,-0,1.7
WM1,154.94508,-0,1e-5
WM1,155.2956,-0,1e-5
WM1,155.66136000000003,-0,0.2
WM1,156.02712,-0,0.5
WM1,156.37764,-0,0.4
WM1,156.69768000000002,-0,2.8
WM1,156.95676,-0,3.2
WM1,157.18536000000003,-0,7
WM1,157.53588,-0,4.5
WM1,158.00832,-0,2.1
WM1,158.41980000000004,-0,5
WM1,158.67888000000002,-0,4.1
WM1,158.93796000000006,-0,5.7
WM1,159.21228,-0,1.6
WM1,159.45611999999997,-0,2.3
WM1,159.88284000000002,-0,1.5
WM1,160.37052000000003,-0,5.8
WM1,160.79724000000002,-0,1e-5
WM1,161.17824,-0,1e-5
WM1,161.49828,-0,0.4
WM1,161.83356000000006,-0,4.9
WM1,162.16884000000002,-0,4.9
WM1,162.48888000000002,-0,1e-5
WM1,163.83,-0,1e-5
WM1,165.17112,-0,1e-5
WM1,165.43020000000004,-0,1e-5
WM1,165.76548,-0,0.8
WM1,166.07028,-0,0.5
WM1,166.35984,-0,0.2
WM1,166.77132000000003,-0,1e-5
WM1,167.16756,-0,1e-5
WM1,167.51807999999997,-0,1.2
WM1,167.83811999999998,-0,2.3
WM1,168.08196,-0,0
WM1,168.31055999999998,-0,1.7
WM1,168.61535999999998,-0,3.5
WM1,168.87444000000002,-0,14.4
WM1,169.08780000000004,-0,4.3
WM1,169.34687999999997,-0,1.1
WM1,169.65167999999997,-0,2.8
WM1,169.95647999999997,-0,4.5
WM1,170.36796,-0,28.7
WM1,170.85564000000002,-0,1.4
WM1,171.29760000000002,-0,3.5
WM1,171.69384,-0,28.7
WM1,171.95292000000003,-0,2.3
WM1,172.18152,-0,0.2
WM1,172.51680000000002,-0,4.8
WM1,172.85207999999997,-0,8
WM1,173.18735999999998,-0,15.5
WM1,173.59884000000002,-0,0.5
WM1,174.02556,-0,2.3
WM1,174.45228,-0,19.1
WM1,174.83327999999997,-0,4.9
WM1,175.16855999999999,-0,4.8
WM1,175.50384,-0,5.4
WM1,175.80864,-0,5.7
WM1,176.14392,-0,6.4
WM1,176.47920000000002,-0,8.6
WM1,176.81447999999997,-0,17
WM1,177.16500000000005,-0,20
WM1,177.48504,-0,21.5
WM1,177.82032,-0,14.4
WM1,178.12512,-0,1.8
WM1,178.42992,-0,0.3
WM1,178.76520000000002,-0,0.7
WM1,179.07000000000002,-0,9.3
WM1,179.42052000000004,-0,0.5
WM1,181.14264,-0,1e-5
WM1,183.12384,-0,1e-5
WM1,183.73344,-0,1e-5
WM1,184.03824,-0,1e-5
WM1,184.34304,-0,1e-5
WM1,184.64784,-0,1e-5
WM1,184.95264,-0,1e-5
WM1,185.30316000000002,-0,1e-5
WM1,185.6994,-0,1
WM1,186.08040000000003,-0,1.8
WM1,186.41567999999998,-0,7
WM1,186.72047999999998,-0,2.1
WM1,187.2234,-0,1e-5
WM1,187.93967999999998,-0,1e-5
WM1,188.45784,-0,2.7
WM1,188.70167999999998,-0,18.8
WM1,188.86932000000004,-0,2.2
WM1,189.09792000000002,-0,1e-5
WM1,189.76847999999998,-0,1e-5
WM1,190.43904,-0,2.4
WM1,190.74384,-0,13.4
WM1,191.04864,-0,16.4
WM1,191.35344,-0,5.7
WM1,191.65824,-0,6.1
WM1,191.96304,-0,8.9
WM1,192.26784,-0,8.3
WM1,192.58788,-0,15.8
WM1,192.90792000000002,-0,21.8
WM1,193.28892000000005,-0,22.2
WM1,193.66992000000002,-0,21.9
WM1,193.97472000000002,-0,4.9
WM1,194.34047999999999,-0,1e-5
WM1,195.16344,-0,1e-5
WM1,196.30644000000004,-0,1e-5
WM1,196.96176,-0,6.8
WM1,197.31228000000002,-0,12.5
WM1,197.72376,-0,1e-5
WM1,198.21144,-0,1e-5
WM1,199.27824,-0,1e-5
WM1,200.787,-0,1e-5
WM1,201.68616,-0,0.5
WM1,202.06716000000003,-0,5.1
WM1,202.40243999999998,-0,8.3
WM1,202.60056000000006,-0,17.3
WM1,202.78344,-0,4.9
WM1,203.02728,-0,1e-5
WM1,203.97216000000006,-0,1e-5
WM1,205.60284,-0,1e-5
WM1,206.59344000000002,-0,1e-5
WM1,206.95920000000004,-0,1e-5
WM1,207.40116000000003,-0,2.8
WM1,207.78216000000006,-0,25.4
WM1,208.02600000000004,-0,13.9
WM1,208.23936000000006,-0,4.7
WM1,208.52892,-0,3.1
WM1,208.8642,-0,1.8
WM1,209.26044,-0,3.3
WM1,209.64144000000002,-0,2.9
WM1,209.94624000000002,-0,3
WM1,210.25104000000002,-0,6.2
WM1,210.55584000000002,-0,8.5
WM1,210.86064000000002,-0,6.2
WM1,211.21116000000004,-0,11.3
WM1,211.57692,-0,8.3
WM1,211.92744000000002,-0,3.6
WM1,212.35416000000006,-0,1.4
WM1,212.78088000000005,-0,4.4
WM1,213.19236000000004,-0,6
WM1,213.60384000000002,-0,6
WM1,213.93911999999997,-0,2.6
WM1,214.28964,-0,1e-5
WM1,214.68588000000008,-0,1e-5
WM1,215.14308000000008,-0,1.3
WM1,215.55456000000007,-0,9.6
WM1,215.82888000000005,-0,15.6
WM1,216.07271999999998,-0,16.6
WM1,216.30132,-0,10
WM1,216.56040000000004,-0,0.6
WM1,216.86520000000004,-0,0.4
WM1,217.17000000000004,-0,0.8
WM1,217.47480000000004,-0,1.8
WM1,217.87104000000002,-0,3
WM1,218.29776000000007,-0,5.7
WM1,218.64827999999997,-0,0.3
WM1,218.98356000000004,-0,1e-5
WM1,219.62364,-0,0.2
WM1,220.12656000000007,-0,0
WM1,220.44660000000002,-0,3.4
WM1,220.88856000000007,-0,4.8
WM1,221.2390800000001,-0,7
WM1,221.78772,-0,1.5
WM1,222.47351999999998,-0,1.5
WM1,223.03740000000002,-0,2.1
WM1,223.49460000000002,-0,2.3
WM1,223.95180000000002,-0,1e-5
WM1,224.40900000000002,-0,1e-5
WM1,224.86620000000002,-0,1.1
WM1,225.32340000000002,-0,0.8
WM1,226.35972,-0,1e-5
WM1,227.77704000000003,-0,1e-5
WM1,228.69144000000003,-0,0.5
WM1,229.30104000000003,-0,1
WM1,229.75824000000003,-0,2.4
WM1,230.06304000000003,-0,3.6
WM1,230.36784000000003,-0,2.2
WM1,230.67264000000003,-0,0.6
WM1,230.97744000000003,-0,1.6
WM1,231.28224000000003,-0,0.8
WM1,231.58704000000003,-0,1e-5
WM1,231.89184000000003,-0,1e-5
WM1,232.19664000000003,-0,1e-5
WM1,232.56240000000005,-0,1e-5
WM1,232.94340000000003,-0,1e-5
WM1,233.26344000000003,-0,1e-5
WM1,233.64444,-0,0.5
WM1,234.16260000000003,-0,1.2
WM1,234.74171999999996,-0,2.6
WM1,235.22939999999997,-0,4.7
WM1,235.57992,-0,13.5
WM1,235.88472,-0,13.1
WM1,236.18952,-0,13.5
WM1,236.49432,-0,6.8
WM1,236.93627999999998,-0,4.6
WM1,237.53064000000003,-0,5
WM1,238.14024000000003,-0,6.2
WM1,238.59744000000003,-0,9.9
WM1,238.90224000000003,-0,8.1
WM1,239.25276000000005,-0,8.8
WM1,239.60328,-0,6.7
WM1,239.90808,-0,6.7
WM1,240.30432,-0,21.8
WM1,240.70056000000002,-0,11.4
WM1,241.02060000000003,-0,5.1
WM1,241.47780000000003,-0,2
WM1,242.02644,-0,1.9
WM1,242.52936000000003,-0,2.4
WM1,242.9256,-0,4.7
WM1,243.24564,-0,8.5
WM1,243.58091999999996,-0,14.7
WM1,243.91620000000003,-0,13.8
WM1,244.2972,-0,3.7
WM1,244.81536000000003,-0,1
WM1,245.45544000000004,-0,1.5
WM1,246.09552,-0,2.7
WM1,246.55272,-0,6.1
WM1,246.88799999999995,-0,20.6
WM1,247.25376000000003,-0,12
WM1,247.58904000000004,-0,4.1
WM1,247.97004,-0,1.9
WM1,248.38152,-0,1.5
WM1,248.97588000000005,-0,0.7
WM1,249.6312,-0,2.3
WM1,250.05792,-0,13.8
WM1,250.3932,-0,15.2
WM1,250.698,-0,14.2
WM1,251.0028,-0,12.3
WM1,251.35331999999997,-0,12.6
WM1,252.00864000000004,-0,9.3
WM1,252.77064000000004,-0,9.6
WM1,253.33451999999997,-0,14.8
WM1,253.746,-0,16.4
WM1,254.0508,-0,17.5
WM1,254.3556,-0,17.4
WM1,254.6604,-0,14.4
WM1,255.01091999999997,-0,7.4
WM1,255.40716000000006,-0,3
WM1,255.80339999999998,-0,2.5
WM1,256.15391999999997,-0,4.3
WM1,256.59587999999997,-0,33.6
WM1,257.03783999999996,-0,18.7
WM1,257.28168000000005,-0,19.2
WM1,257.66268,-0,7.1
WM1,258.25703999999996,-0,2.4
WM1,258.83616000000006,-0,2.9
WM1,259.41528000000005,-0,8.6
WM1,260.02488000000005,-0,12.5
WM1,260.54304,-0,17.7
WM1,261.1678800000001,-0,2.1
WM1,262.17372,-0,0.4
WM1,262.92048,-0,0.9
WM1,263.22528,-0,16.9
WM1,263.4996,-0,24.8
WM1,263.78916000000004,-0,24.7
WM1,264.12444000000005,-0,27.8
WM1,264.45971999999995,-0,12.3
WM1,265.0998000000001,-0,1e-5
CCR1,0.1524000000000001,-0,1.3
CCR1,0.4724400000000344,-0,1e-5
CCR1,0.9448800000000119,-0,0.4
CCR1,1.4782800000000123,-0,0.7
CCR1,1.7983199999999897,-0,2.5
CCR1,2.1488400000000354,-0,16.9
CCR1,2.545080000000013,-0,16.8
CCR1,2.9413199999999904,-0,1e-5
CCR1,3.4747199999999907,-0,1e-5
CCR1,3.9014400000000364,-0,0.4
CCR1,4.221480000000014,-0,1e-5
CCR1,4.572000000000003,-0,1.2
CCR1,4.922519999999992,-0,4.1
CCR1,5.273040000000037,-0,7.3
CCR1,5.760719999999992,-0,2.1
CCR1,6.370319999999992,-0,0.6
CCR1,6.84275999999997,-0,0.8
CCR1,7.178040000000038,-0,0.7
CCR1,7.650480000000016,-0,1.2
CCR1,8.229600000000005,-0,1.5
CCR1,8.686800000000005,-0,2.4
CCR1,9.052560000000028,-0,8.5
CCR1,9.387840000000011,-0,6.9
CCR1,9.768840000000012,-0,7.6
CCR1,10.149840000000012,-0,8.1
CCR1,10.454640000000012,-0,8.3
CCR1,10.759440000000012,-0,11
CCR1,11.10996000000003,-0,13.6
CCR1,11.460480000000018,-0,14.6
CCR1,11.765280000000018,-0,13.8
CCR1,12.070080000000019,-0,8.7
CCR1,12.374880000000019,-0,4.8
CCR1,12.679680000000019,-0,6.8
CCR1,12.98448000000002,-0,5.1
CCR1,13.335000000000008,-0,6.1
CCR1,13.685519999999997,-0,24.3
CCR1,14.097000000000008,-0,16.1
CCR1,14.50848000000002,-0,4
CCR1,14.88948000000002,-0,1.4
CCR1,15.27048000000002,-0,2.4
CCR1,15.62100000000001,-0,2.8
CCR1,16.017240000000015,-0,14.2
CCR1,16.367760000000004,-0,26.1
CCR1,16.672560000000004,-0,18.6
CCR1,16.977360000000004,-0,14
CCR1,17.29740000000004,-0,4.6
CCR1,17.632680000000022,-0,7.2
CCR1,17.937480000000022,-0,8.9
CCR1,18.196560000000005,-0,9.7
CCR1,18.56232,-0,2.4
CCR1,19.065240000000017,-0,0.9
CCR1,19.47672,-0,4.8
CCR1,19.78152,-0,10.8
CCR1,20.08632,-0,5.1
CCR1,20.46732,-0,0.6
CCR1,20.92452,-0,3
CCR1,21.336000000000013,-0,3.1
CCR1,21.671280000000024,-0,7.3
CCR1,21.976080000000024,-0,19.6
CCR1,22.280880000000025,-0,33
CCR1,22.555200000000013,-0,8.3
CCR1,22.936200000000014,-0,0.7
CCR1,23.37816000000001,-0,4.4
CCR1,23.71344000000002,-0,8.2
CCR1,24.033479999999997,-0,1.5
CCR1,24.353520000000003,-0,1e-5
CCR1,24.765000000000015,-0,1e-5
CCR1,25.28316000000001,-0,0.3
CCR1,25.755600000000044,-0,1.6
CCR1,26.19756000000001,-0,2.1
CCR1,26.593800000000044,-0,3.4
CCR1,26.83764000000002,-0,13.9
CCR1,27.172920000000005,-0,24.5
CCR1,27.553920000000005,-0,5.6
CCR1,27.87396000000001,-0,1.8
CCR1,28.17876000000001,-0,5
CCR1,28.437840000000023,-0,11.5
CCR1,28.68168,-0,15.2
CCR1,28.925520000000006,-0,18.2
CCR1,29.199840000000023,-0,14.7
CCR1,29.51988,-0,3.1
CCR1,29.870400000000018,-0,0.7
CCR1,30.220920000000007,-0,1.1
CCR1,30.525720000000007,-0,4.1
CCR1,30.78480000000002,-0,18.6
CCR1,31.08960000000002,-0,26.9
CCR1,31.39440000000002,-0,0.3
CCR1,31.790640000000025,-0,1e-5
CCR1,32.33928,-0,1e-5
CCR1,32.81172000000001,-0,1e-5
CCR1,33.055560000000014,-0,19.7
CCR1,33.314640000000026,-0,1e-5
CCR1,34.33572000000001,-0,1e-5
CCR1,35.89019999999999,-0,1e-5
CCR1,37.368480000000005,-0,1e-5
CCR1,38.892480000000006,-0,1e-5
CCR1,40.41648000000001,-0,1e-5
CCR1,41.376599999999996,-0,1e-5
CCR1,41.77284000000003,-0,1e-5
CCR1,42.09288000000001,-0,0.3
CCR1,42.39768000000001,-0,1e-5
CCR1,42.91584000000003,-0,1e-5
CCR1,43.54068000000001,-0,1e-5
CCR1,44.40936000000002,-0,1e-5
CCR1,45.50664000000003,-0,1e-5
CCR1,46.390559999999994,-0,1e-5
CCR1,47.06111999999999,-0,1e-5
CCR1,47.59451999999999,-0,0.4
CCR1,47.990759999999995,-0,2.5
CCR1,48.34128000000001,-0,2.5
CCR1,48.66131999999999,-0,36.5
CCR1,48.935640000000035,-0,34.9
CCR1,49.149,-0,6.5
CCR1,49.3776,-0,1.4
CCR1,49.63668000000001,-0,0.9
CCR1,49.91100000000003,-0,0.4
CCR1,50.231040000000036,-0,0.7
CCR1,50.535840000000036,-0,0.9
CCR1,50.93208000000001,-0,2.4
CCR1,51.3588,-0,12.3
CCR1,51.694080000000014,-0,1e-5
CCR1,52.05984000000004,-0,1e-5
CCR1,52.44084000000004,-0,1e-5
CCR1,52.77611999999999,-0,1e-5
CCR1,53.065680000000015,-0,1e-5
CCR1,53.43144000000004,-0,0.7
CCR1,53.827680000000015,-0,1.6
CCR1,54.102000000000004,-0,9.1
CCR1,54.39156,-0,15.7
CCR1,54.80304000000004,-0,0.3
CCR1,55.26024000000004,-0,1e-5
CCR1,55.56504000000004,-0,1e-5
CCR1,55.961280000000016,-0,1e-5
CCR1,56.47944000000004,-0,0.1
CCR1,56.90615999999997,-0,1.1
CCR1,57.21095999999997,-0,4.4
CCR1,57.424319999999994,-0,14.1
CCR1,57.729119999999995,-0,3.1
CCR1,58.09488000000002,-0,1e-5
CCR1,58.43016000000003,-0,1e-5
CCR1,58.73496000000003,-0,1e-5
CCR1,59.131200000000035,-0,1e-5
CCR1,59.61888000000002,-0,1.8
CCR1,60.10655999999997,-0,8.1
CCR1,60.44184000000001,-0,1e-5
CCR1,60.68568000000002,-0,2.7
CCR1,60.96000000000001,-0,0.7
CCR1,61.26480000000001,-0,0.3
CCR1,61.67628000000002,-0,1e-5
CCR1,62.20968000000002,-0,1e-5
CCR1,62.804040000000015,-0,0.1
CCR1,63.24600000000001,-0,1e-5
CCR1,63.55080000000001,-0,0.3
CCR1,63.85560000000001,-0,1
CCR1,64.16040000000001,-0,2.2
CCR1,64.48044000000002,-0,5.4
CCR1,64.80048000000002,-0,11.8
CCR1,65.10528000000002,-0,4.7
CCR1,65.47104000000002,-0,4.4
CCR1,65.83680000000001,-0,1e-5
CCR1,66.26352,-0,3.5
CCR1,66.69024000000002,-0,2.6
CCR1,66.99504000000002,-0,2.3
CCR1,67.31508000000002,-0,3.6
CCR1,67.63512,-0,3.5
CCR1,67.97040000000001,-0,3.4
CCR1,68.32092,-0,3.5
CCR1,68.65620000000004,-0,3.1
CCR1,68.94576,-0,3.4
CCR1,69.14388000000002,-0,1.9
CCR1,69.37248000000002,-0,2.7
CCR1,69.67728000000002,-0,3
CCR1,69.98208000000002,-0,3
CCR1,70.28688000000002,-0,2.2
CCR1,70.59168000000003,-0,2.2
CCR1,70.89648000000003,-0,1.6
CCR1,71.20128000000003,-0,3.6
CCR1,71.58228000000003,-0,3.4
CCR1,72.02424000000002,-0,4.3
CCR1,72.45095999999998,-0,5
CCR1,72.81672,-0,14.9
CCR1,73.12152,-0,20
CCR1,73.41108000000003,-0,13.4
CCR1,73.70064000000002,-0,8.4
CCR1,74.00544000000002,-0,2.7
CCR1,74.31024000000002,-0,2.5
CCR1,74.63028000000003,-0,0.3
CCR1,74.99604000000002,-0,2.2
CCR1,75.40752,-0,1.4
CCR1,75.80376000000001,-0,1.9
CCR1,76.15428,-0,2.5
CCR1,76.47432,-0,3.6
CCR1,76.80960000000002,-0,5.9
CCR1,77.17536000000001,-0,7.1
CCR1,77.48016000000001,-0,14.7
CCR1,77.75448,-0,8.2
CCR1,78.05928,-0,8.6
CCR1,78.36408,-0,7.4
CCR1,78.68412000000001,-0,8.6
CCR1,79.09560000000005,-0,8.2
CCR1,79.49184000000002,-0,8.8
CCR1,79.79664000000002,-0,3.3
CCR1,80.17764000000003,-0,2.2
CCR1,80.57388,-0,1.9
CCR1,80.97012000000001,-0,1.5
CCR1,81.39684000000003,-0,1.2
CCR1,81.77784000000003,-0,3.6
CCR1,82.11312000000001,-0,2.5
CCR1,82.49412000000001,-0,2.3
CCR1,82.87512000000001,-0,2.5
CCR1,83.17992000000001,-0,3.9
CCR1,83.48472000000001,-0,9.8
CCR1,83.83524000000003,-0,20.7
CCR1,84.20100000000005,-0,25.3
CCR1,84.47532000000001,-0,5.7
CCR1,84.78012000000001,-0,1.5
CCR1,85.14588,-0,1.3
CCR1,85.4964,-0,1.5
CCR1,85.93836000000002,-0,1.8
CCR1,86.33460000000005,-0,14.9
CCR1,86.60892000000001,-0,21.1
CCR1,86.88324000000003,-0,7.3
CCR1,87.1728,-0,1.6
CCR1,87.5538,-0,0.5
CCR1,87.95004000000003,-0,0.4
CCR1,88.27008000000001,-0,2.6
CCR1,88.57488000000001,-0,3.4
CCR1,88.81872000000001,-0,5.4
CCR1,89.09304000000003,-0,27
CCR1,89.4588,-0,3
CCR1,89.87028000000001,-0,0.8
CCR1,90.19032000000001,-0,1.2
CCR1,90.46464000000003,-0,1.9
CCR1,90.79992000000001,-0,1.1
CCR1,91.10472000000001,-0,1.6
CCR1,91.42475999999999,-0,2.6
CCR1,91.79052000000001,-0,25.4
CCR1,92.18676000000002,-0,25.9
CCR1,92.53728000000001,-0,4.3
CCR1,92.84208000000001,-0,2
CCR1,93.14688000000001,-0,2.9
CCR1,93.45168000000001,-0,25.1
CCR1,93.74124000000003,-0,35.1
CCR1,94.04604000000003,-0,1.9
CCR1,94.36608000000001,-0,1e-5
CCR1,94.67088000000001,-0,0.1
CCR1,94.97568000000001,-0,1e-5
CCR1,95.28048000000001,-0,1e-5
CCR1,95.58528000000001,-0,1e-5
CCR1,95.87484000000003,-0,1.3
CCR1,96.11868000000001,-0,17.7
CCR1,96.37776000000002,-0,1e-5
CCR1,96.74351999999999,-0,1e-5
CCR1,98.2218,-0,0
CCR1,100.26395999999997,-0,1e-5
CCR1,101.48315999999997,-0,1e-5
CCR1,102.74807999999999,-0,0
CCR1,103.87584000000001,-0,1e-5
CCR1,104.33304000000001,-0,1.2
CCR1,104.60736,-0,2.2
CCR1,104.89692,-0,25.8
CCR1,105.14076000000003,-0,1e-5
CCR1,105.36936,-0,1e-5
CCR1,106.32948000000002,-0,1e-5
CCR1,107.48772,-0,1e-5
CCR1,108.14304000000001,-0,1e-5
CCR1,108.64596000000003,-0,0.3
CCR1,109.02696,-0,1
CCR1,109.43844000000004,-0,2.6
CCR1,109.86516000000003,-0,17.4
CCR1,110.21567999999999,-0,2.5
CCR1,110.52047999999999,-0,1e-5
CCR1,110.91672000000003,-0,0.3
CCR1,111.40440000000004,-0,0.3
CCR1,111.84636000000003,-0,0.9
CCR1,112.27308000000002,-0,1.3
CCR1,112.66932,-0,12.4
CCR1,113.09604000000004,-0,3
CCR1,113.65992000000003,-0,1e-5
CCR1,114.28475999999998,-0,0.7
CCR1,114.68100000000001,-0,8
CCR1,115.01628000000002,-0,1e-5
CCR1,119.07012,-0,0
CCR1,123.30684000000005,-0,1e-5
CCR1,123.99264000000002,-0,1e-5
CCR1,124.38888,-0,0.2
CCR1,124.90704000000002,-0,1e-5
CCR1,126.65964000000005,-0,0
CCR1,128.42748000000003,-0,1e-5
CCR1,128.96088,-0,1e-5
CCR1,129.34188000000003,-0,1e-5
CCR1,129.78384000000003,-0,1e-5
CCR1,130.1496,-0,1e-5
CCR1,130.4544,-0,0.6
CCR1,130.78968,-0,1e-5
CCR1,131.14020000000002,-0,1.8
CCR1,131.47548000000003,-0,0.8
CCR1,131.79551999999998,-0,2
CCR1,132.10031999999998,-0,8.8
CCR1,132.40511999999998,-0,10
CCR1,132.70991999999998,-0,8.4
CCR1,133.01471999999998,-0,7
CCR1,133.31951999999998,-0,4.5
CCR1,133.62431999999998,-0,3.8
CCR1,133.92911999999998,-0,2.4
CCR1,134.23391999999998,-0,1.4
CCR1,134.53871999999998,-0,1.2
CCR1,134.84351999999998,-0,0.8
CCR1,135.22452,-0,2.7
CCR1,135.60551999999998,-0,20.4
CCR1,135.86460000000002,-0,5
CCR1,136.12368,-0,2
CCR1,136.47420000000002,-0,0.5
CCR1,136.8552,-0,1.7
CCR1,137.34288,-0,1e-5
CCR1,137.86104000000003,-0,1e-5
CCR1,138.27252000000001,-0,0.6
CCR1,138.68400000000005,-0,1e-5
CCR1,139.11072,-0,2.6
CCR1,139.40028000000004,-0,17.3
CCR1,139.58316000000005,-0,8.8
CCR1,139.84224000000003,-0,1.8
CCR1,140.14704000000003,-0,1.4
CCR1,140.63472,-0,1.8
CCR1,141.30528,-0,1e-5
CCR1,141.82344000000003,-0,0.1
CCR1,142.09775999999997,-0,1.1
CCR1,142.40255999999997,-0,0.7
CCR1,143.14932000000002,-0,1e-5
CCR1,144.55140000000003,-0,1e-5
CCR1,148.62048000000001,-0,0
CCR1,151.98852000000002,-0,1e-5
CCR1,152.41524,-0,1e-5
CCR1,152.82672,-0,1e-5
CCR1,153.162,-0,1.7
CCR1,153.42108000000005,-0,7.3
CCR1,153.68016000000003,-0,13.1
CCR1,154.12212000000008,-0,2.4
CCR1,154.54884,-0,1.3
CCR1,154.88412000000002,-0,0.7
CCR1,155.26512,-0,1.4
CCR1,155.69184000000004,-0,5.3
CCR1,156.05760000000006,-0,12.1
CCR1,156.31668,-0,13.3
CCR1,156.60623999999999,-0,6.2
CCR1,156.95676,-0,5.5
CCR1,157.29204000000001,-0,6.8
CCR1,157.58160000000007,-0,8.9
CCR1,157.88640000000007,-0,3.7
CCR1,158.35884000000001,-0,0.4
CCR1,158.75508,-0,2.1
CCR1,158.99892000000003,-0,27.8
CCR1,159.30372000000003,-0,1e-5
CCR1,159.63900000000004,-0,1e-5
CCR1,159.98952000000006,-0,1e-5
CCR1,160.24860000000004,-0,0.6
CCR1,160.49244000000002,-0,1e-5
CCR1,162.86988,-0,0
CCR1,165.26255999999998,-0,1e-5
CCR1,165.65880000000007,-0,1e-5
CCR1,166.02455999999998,-0,1e-5
CCR1,166.25316,-0,0.9
CCR1,166.43603999999996,-0,1e-5
CCR1,166.80180000000004,-0,1e-5
CCR1,167.51808000000003,-0,1e-5
CCR1,168.58488000000003,-0,1e-5
CCR1,169.80408000000003,-0,1e-5
CCR1,170.87088000000003,-0,1e-5
CCR1,171.81575999999998,-0,1e-5
CCR1,172.80636,-0,1e-5
CCR1,173.52264000000005,-0,1e-5
CCR1,173.90364000000002,-0,0.7
CCR1,174.33036,-0,1.8
CCR1,174.75708,-0,33.8
CCR1,175.03140000000005,-0,0.5
CCR1,175.41240000000002,-0,1e-5
CCR1,175.83912,-0,1e-5
CCR1,176.14392,-0,1.5
CCR1,176.44872,-0,1.2
CCR1,176.75352,-0,3.1
CCR1,177.05832,-0,2.8
CCR1,177.43931999999998,-0,1.7
CCR1,177.82032,-0,5.2
CCR1,178.12512,-0,5.4
CCR1,178.47563999999997,-0,0.2
CCR1,178.87188,-0,1e-5
CCR1,179.22240000000002,-0,1.9
CCR1,179.46624000000006,-0,1e-5
CCR1,180.16728000000003,-0,1e-5
CCR1,183.21528000000004,-0,0
CCR1,185.95848000000004,-0,1e-5
CCR1,186.65952000000001,-0,1e-5
CCR1,194.12712000000002,-0,0
CCR1,201.47280000000003,-0,1e-5
CCR1,201.96048000000005,-0,1e-5
CCR1,202.32624,-0,1e-5
CCR1,202.69200000000004,-0,1e-5
CCR1,203.11872000000002,-0,1e-5
CCR1,203.45400000000004,-0,1.3
CCR1,203.74355999999997,-0,2.4
CCR1,204.06360000000004,-0,9.7
CCR1,204.36840000000004,-0,3.3
CCR1,204.68844000000004,-0,0.4
CCR1,205.00848000000005,-0,0.1
CCR1,205.34376,-0,1e-5
CCR1,205.80096,-0,1e-5
CCR1,206.36484000000004,-0,1e-5
CCR1,206.82204000000004,-0,0.2
CCR1,207.14208,-0,0.4
CCR1,207.44688,-0,0.3
CCR1,207.75168,-0,1.2
CCR1,208.05648,-0,4.1
CCR1,208.33080000000004,-0,4.5
CCR1,208.63560000000004,-0,7
CCR1,208.97088,-0,4.9
CCR1,209.36712000000003,-0,3
CCR1,209.79383999999996,-0,1.8
CCR1,210.14435999999998,-0,1.2
CCR1,210.46440000000004,-0,4.1
CCR1,210.78444000000005,-0,5.7
CCR1,211.15020000000007,-0,8.4
CCR1,211.42452,-0,5.6
CCR1,211.71408,-0,3.3
CCR1,212.14080000000004,-0,1.3
CCR1,212.56752000000003,-0,0.3
CCR1,212.93328,-0,2.1
CCR1,213.23808,-0,2.4
CCR1,213.49715999999998,-0,15.8
CCR1,213.68004000000005,-0,6.2
CCR1,213.92388000000003,-0,2.2
CCR1,214.24392000000003,-0,1.2
CCR1,214.54872000000003,-0,0.2
CCR1,214.85352000000003,-0,1
CCR1,215.15832000000003,-0,6.6
CCR1,215.47835999999998,-0,6.9
CCR1,215.7679200000001,-0,2.9
CCR1,216.04224000000002,-0,1e-5
CCR1,216.6823200000001,-0,1e-5
CCR1,217.53576,-0,1e-5
CCR1,217.97772,-0,1e-5
CCR1,218.31300000000007,-0,1e-5
CCR1,218.72448,-0,1e-5
CCR1,219.33408,-0,1e-5
CCR1,220.29420000000007,-0,1e-5
CCR1,220.98000000000005,-0,0.3
CCR1,221.33052,-0,0.6
CCR1,221.65056,-0,2.9
CCR1,221.95536,-0,3.7
CCR1,222.26016,-0,0.4
CCR1,222.58020000000008,-0,1.2
CCR1,222.91548000000003,-0,1.5
CCR1,223.26600000000005,-0,1
CCR1,223.60128,-0,0.5
CCR1,223.93656000000001,-0,1.3
CCR1,224.33280000000005,-0,1.5
CCR1,224.69856000000001,-0,4.3
CCR1,225.00336000000001,-0,20.2
CCR1,225.30816000000002,-0,10.5
CCR1,225.61296000000002,-0,11.5
CCR1,225.97871999999998,-0,1.9
CCR1,226.34448,-0,4.3
CCR1,226.63404000000006,-0,17.7
CCR1,226.95408,-0,34.3
CCR1,227.21316,-0,14.6
CCR1,227.44176000000002,-0,1.3
CCR1,227.79228000000003,-0,0.9
CCR1,228.15804000000006,-0,1
CCR1,228.50856000000002,-0,1.1
CCR1,228.84384000000003,-0,3.6
CCR1,229.14864000000003,-0,29.1
CCR1,229.45344000000003,-0,1e-5
CCR1,229.75824000000003,-0,0.8
CCR1,230.03256000000002,-0,6
CCR1,230.30688,-0,15.7
CCR1,230.68788000000004,-0,14.9
CCR1,231.00791999999998,-0,5.3
CCR1,231.25176000000002,-0,1
CCR1,231.55656000000002,-0,2
CCR1,231.86136000000002,-0,16.5
CCR1,232.18140000000002,-0,15.2
CCR1,232.51668000000004,-0,19.3
CCR1,232.76052,-0,7.3
CCR1,232.98911999999999,-0,1.5
CCR1,233.29391999999999,-0,1.5
CCR1,233.59872,-0,3.2
CCR1,233.85780000000003,-0,6.6
CCR1,234.17784000000003,-0,3.6
CCR1,234.6655200000001,-0,8.4
CCR1,235.09224000000003,-0,16.8
CCR1,235.44276,-0,21.8
CCR1,235.85424000000003,-0,15.6
CCR1,236.17428000000004,-0,2.7
CCR1,236.52480000000006,-0,0.8
CCR1,236.92104000000003,-0,1.4
CCR1,237.13440000000006,-0,11.6
CCR1,237.42396,-0,1e-5
CCR1,240.03000000000006,-0,0
CCR1,243.10848000000001,-0,1e-5
CCR1,243.97716,-0,1e-5
CCR1,244.32768000000002,-0,1e-5
CCR1,244.80012000000002,-0,0.9
CCR1,245.24208000000002,-0,1.2
CCR1,245.51640000000006,-0,14.4
CCR1,245.77548000000004,-0,1e-5
CCR1,247.74144000000004,-0,0
CCR1,249.85980000000004,-0,0.2
CCR1,250.34748000000005,-0,1.9
CCR1,250.69800000000006,-0,1.5
CCR1,251.04852000000008,-0,3.7
CCR1,251.47524,-0,24.1
CCR1,251.87148000000005,-0,1.5
CCR1,252.25248000000002,-0,1e-5
CCR1,252.67920000000007,-0,0.2
CCR1,253.10592,-0,0.4
CCR1,253.53264000000004,-0,0.9
CCR1,253.86792000000005,-0,4.5
CCR1,254.14224000000004,-0,21.8
CCR1,254.40132000000008,-0,11.4
CCR1,254.58420000000004,-0,10
CCR1,254.78232000000006,-0,3.4
CCR1,255.16332000000008,-0,5.4
CCR1,255.62052000000008,-0,10.4
CCR1,255.95580000000004,-0,14.3
CCR1,256.16916000000003,-0,24.9
CCR1,256.50443999999993,-0,22.6
CCR1,256.96164,-0,1e-5
CCR1,257.76936,-0,1e-5
CCR1,258.88188,-0,1e-5
CCR1,259.62864,-0,1e-5
CCR1,260.04012,-0,1e-5
CCR1,260.36015999999995,-0,1e-5
CCR1,260.71068,-0,1.3
CCR1,261.0612000000001,-0,12.1
CCR1,261.3660000000001,-0,1e-5
CCR1,261.99084000000005,-0,1e-5
CCR1,263.22528,-0,1e-5
CCR1,264.70356000000004,-0,1e-5
CCR1,265.92276000000004,-0,1e-5
CCR1,266.95908,-0,1e-5
CCR1,267.98015999999996,-0,1e-5
CCR1,268.6812000000001,-0,1.7
CCR1,269.01648,-0,9.6
CCR1,269.2146,-0,7.2
CCR1,269.42796,-0,7
CCR1,269.71752000000004,-0,1e-5
CCR1,272.84172,-0,0
CCR1,275.9202,-0,0.8
CCR1,276.14880000000005,-0,1.7
CCR1,276.43836,-0,2.7
CCR1,276.75840000000005,-0,6.2
CCR1,277.06320000000005,-0,20.5
CCR1,277.36800000000005,-0,22.9
CCR1,277.70328000000006,-0,6.2
CCR1,278.08428000000004,-0,1.5
CCR1,278.4348,-0,1.9
CCR1,278.7396,-0,1.2
CCR1,279.15108,-0,2
CCR1,279.62352,-0,3.1
CCR1,280.0350000000001,-0,3.1
CCR1,280.41600000000005,-0,6.4
CCR1,280.75128000000007,-0,7.8
CCR1,281.05608000000007,-0,5.4
CCR1,281.36088000000007,-0,6
CCR1,281.66568000000007,-0,9.6
CCR1,281.97048000000007,-0,14.1
CCR1,282.321,-0,8
CCR1,282.67152,-0,5.9
CCR1,282.97632,-0,4.3
CCR1,283.34208,-0,2.8
CCR1,283.72308,-0,5.6
CCR1,284.04312000000004,-0,9.2
CCR1,284.37840000000006,-0,8.4
CCR1,284.71368000000007,-0,0.2
CCR1,285.09468000000004,-0,1e-5
CCR1,285.59760000000006,-0,1e-5
CCR1,286.08528,-0,1.9
CCR1,286.49676,-0,5.7
CCR1,286.86252,-0,12.7
CCR1,287.18255999999997,-0,8
CCR1,287.51784,-0,0.3
CCR1,287.9750399999999,-0,0.5
CCR1,288.43224,-0,1.3
CCR1,288.798,-0,0.6
CCR1,289.13328,-0,1.2
CCR1,289.46856,-0,5
CCR1,289.81908,-0,1e-5
CCR1,290.16960000000006,-0,1e-5
CCR1,290.6268,-0,0.9
CCR1,290.97731999999996,-0,1.9
CCR1,291.20592,-0,0.2
CCR1,292.10508000000004,-0,0.4
CCR1,293.58335999999997,-0,0.1
CCR1,294.84828000000005,-0,0.3
CCR1,295.79315999999994,-0,0.7
CCR1,296.55516,-0,0.9
CCR1,297.05808,-0,1.8
CCR1,297.34764000000007,-0,3
CCR1,297.6372,-0,1.6
CCR1,297.95724000000007,-0,1e-5
CCR1,298.27728,-0,2.4
CCR1,298.61256000000003,-0,2.9
CCR1,299.00880000000006,-0,0.7
CCR1,299.38980000000004,-0,1e-5
CCR1,299.72508000000005,-0,0.3
CCR1,300.06035999999995,-0,1e-5
CCR1,300.39564000000007,-0,1e-5
CCR1,300.74616000000003,-0,1e-5
CCR1,301.11192000000005,-0,0.5
CCR1,301.44720000000007,-0,0.5
CCR1,301.75200000000007,-0,0.8
CCR1,302.05680000000007,-0,0.9
CCR1,302.36160000000007,-0,0.3
CCR1,302.66640000000007,-0,0.6
CCR1,302.97120000000007,-0,0.2
CCR1,303.27600000000007,-0,0.6
CCR1,303.58080000000007,-0,0.3
CCR1,304.02275999999995,-0,1.2
CCR1,304.4190000000001,-0,0.5
CCR1,304.7238000000001,-0,0.3
CCR1,305.18100000000004,-0,3.7
CCR1,305.6382000000001,-0,4.8
CCR1,306.01920000000007,-0,5.8
CCR1,306.33924,-0,2
CCR1,307.11648,-0,1.7
CCR1,308.15280000000007,-0,1.8
CCR1,309.12816,-0,1.6
CCR1,310.22544000000005,-0,1.5
CCR1,310.92647999999997,-0,2.9
CCR1,311.32272,-0,1.7
CCR1,311.68848,-0,2.5
CCR1,311.99328,-0,2.1
CCR1,312.29808,-0,4.9
CCR1,312.60288,-0,2.2
CCR1,312.90768,-0,3
CCR1,313.21248,-0,4.6
CCR1,313.51728,-0,4.9
CCR1,313.82208,-0,3
CCR1,314.12688000000003,-0,3.4
CCR1,314.46216000000004,-0,3.6
CCR1,314.84316,-0,2.1
CCR1,315.20892000000003,-0,2
CCR1,315.52896,-0,4.2
CCR1,315.74232000000006,-0,1e-5
CCR1,315.9252,-0,7
CCR1,316.19952,-0,2.3
CCR1,316.6110000000001,-0,2.6
CCR1,317.1444,-0,2.1
CCR1,317.57112000000006,-0,2.1
CCR1,317.87592000000006,-0,12.1
CCR1,318.22644,-0,6.9
CCR1,318.57696,-0,15
CCR1,318.88176,-0,16.7
CCR1,319.18656,-0,5.6
CCR1,319.61328000000003,-0,4.5
CCR1,320.13144,-0,3.2
CCR1,320.60388,-0,2.7
CCR1,321.04584,-0,2.3
CCR1,321.4116,-0,1e-5
CCR1,321.7164,-0,0.1
CCR1,322.05168000000003,-0,3
CCR1,322.34123999999997,-0,9
CCR1,322.6308,-0,6
CCR1,322.96608000000003,-0,5.3
CCR1,323.42328,-0,2.7
CCR1,324.03288,-0,1.4
CCR1,324.79488000000003,-0,1e-5
CCR1,325.60260000000005,-0,1e-5
CCR1,326.30364,-0,1.3
CCR1,326.80656,-0,2.7
CCR1,327.15708000000006,-0,7.3
CCR1,327.43140000000005,-0,8.7
CCR1,327.62952000000007,-0,14.8
CCR1,327.8581200000001,-0,7
CCR1,328.1172,-0,4.4
CCR1,328.422,-0,3.1
CCR1,328.7420400000001,-0,0.4
CCR1,329.21448,-0,1.1
CCR1,330.28128000000004,-0,1.3
CCR1,331.50048000000004,-0,1e-5
CCR1,332.41488000000004,-0,1e-5
CCR1,333.0702,-0,1.5
CCR1,333.42071999999996,-0,6.8
CCR1,333.72551999999996,-0,8.5
CCR1,334.03031999999996,-0,7.1
CCR1,334.33511999999996,-0,9
CCR1,334.63991999999996,-0,8.4
CCR1,334.95996,-0,7
CCR1,335.43240000000003,-0,6.8
CCR1,336.17916,-0,4.7
CCR1,336.97164,-0,8.1
CCR1,337.84032,-0,3.6
CCR1,338.60231999999996,-0,6.2
CCR1,338.99856,-0,6.1
CCR1,339.2576399999999,-0,7.9
CCR1,339.53196,-0,8.2
CCR1,339.8520000000001,-0,7.1
CCR1,340.18728,-0,8.7
CCR1,340.52256,-0,8.3
CCR1,340.82736,-0,10.8
CCR1,341.14740000000006,-0,10
CCR1,341.46744,-0,12
CCR1,341.77224,-0,7.4
CCR1,342.10752000000014,-0,4.2
CCR1,342.4580400000001,-0,2.4
CCR1,343.17431999999997,-0,1.5
CCR1,344.30208000000005,-0,0.6
CCR1,345.0336000000001,-0,3.4
CCR1,345.35364000000004,-0,15.1
CCR1,345.68892000000005,-0,14.5
CCR1,346.02420000000006,-0,20.4
CCR1,346.34424,-0,23.9
CCR1,346.64904,-0,9
CCR1,346.95384,-0,10.4
CCR1,347.25864,-0,8.3
CCR1,347.56344,-0,5.3
CCR1,347.91396,-0,1.8
CCR1,348.90455999999995,-0,1
CCR1,350.27616,-0,1.7
CCR1,351.0686400000001,-0,3.6
CCR1,351.52584,-0,6.7
CCR1,352.07448,-0,6.7
CCR1,352.68408,-0,9
CCR1,353.14128000000005,-0,12.2
CCR1,353.53752,-0,3.2
CCR1,354.26904,-0,0.3
CCR1,355.54920000000004,-0,1e-5
CCR1,357.1951200000001,-0,1e-5
CCR1,358.91724,-0,1e-5
CCR1,359.9383200000001,-0,1.2
CCR1,360.33456,-0,12.2
CCR1,360.73080000000004,-0,11.7
CCR1,361.03560000000004,-0,17.2
CCR1,361.34040000000005,-0,18.1
CCR1,361.70616000000007,-0,16.6
CCR1,362.1024000000001,-0,11.6
CCR1,362.30052,-0,0
CCR1,362.52912000000003,-0,4.5
CCR1,362.89488000000006,-0,1.7
CCR1,363.51972,-0,1.6
